Name,Paraffinic CH3,Paraffinic CH2,Paraffinic CH,Olefinic -CH=CH2,Naphthenic CH-CH2,Aromatic C-CH,Alcoholic OH,Ether O,Aldehydic CHO,Ketonic CO,Ester COO,MW,BI,FP
Butane,51.72,48.28,0,0,0,0,0,0,0,0,0,58,0,213
n-pentane,41.66666667,58.33333333,0,0,0,0,0,0,0,0,0,72,0,224
n-hexane,34.88372093,65.11627907,0,0,0,0,0,0,0,0,0,86,0,251
n-heptane,30,70,0,0,0,0,0,0,0,0,0,100,0,269
n-octane,26.31578947,73.68421053,0,0,0,0,0,0,0,0,0,114,0,286
n-nonane,23.4375,76.5625,0,0,0,0,0,0,0,0,0,128,0,304
n-decane,21.12676056,78.87323944,0,0,0,0,0,0,0,0,0,142,0,319
n-undecane,19.23076923,80.76923077,0,0,0,0,0,0,0,0,0,156,0,338
n-dodecane,17.64705882,82.35294118,0,0,0,0,0,0,0,0,0,170,0,347
N-tridecane,16.30434783,83.69565217,0,0,0,0,0,0,0,0,0,184,0,352
N-tetradecane,15.15151515,84.84848485,0,0,0,0,0,0,0,0,0,198,0,373.15
N-pentadecane,14.1509434,85.8490566,0,0,0,0,0,0,0,0,0,212,0,387
N-hexadecane,13.27433628,86.72566372,0,0,0,0,0,0,0,0,0,226,0,408.15
N-heptadecane,12.5,87.5,0,0,0,0,0,0,0,0,0,240,0,421.15
N-octadecane,11.81102362,88.18897638,0,0,0,0,0,0,0,0,0,254,0,438.15
N-nonadecane,11.19402985,88.80597015,0,0,0,0,0,0,0,0,0,268,0,441
N-eicosane,10.63829787,89.36170213,0,0,0,0,0,0,0,0,0,282,0,440
N-heneicosane,10.13513514,89.86486486,0,0,0,0,0,0,0,0,0,296,0,450
N-docosane,9.677419355,90.32258065,0,0,0,0,0,0,0,0,0,310,0,458
2-methylpentane,52.3255814,32.55813953,15.11627907,0,0,0,0,0,0,0,0,86,0.2,241
3-methylpentane,52.3255814,32.55813953,15.11627907,0,0,0,0,0,0,0,0,86,0.3,266
"2,2-dimethylbutane",69.76,16.27906977,0,0,0,0,0,0,0,0,0,86,0.5,225
"2,3-dimethylbutane",69.76744186,0,30.23255814,0,0,0,0,0,0,0,0,86,0.625,244
2-methylhexane,45,42,13,0,0,0,0,0,0,0,0,100,0.17,270
3-methylhexane,45,42,13,0,0,0,0,0,0,0,0,100,0.25,269
"2,4-dimethylpentane",60,14,26,0,0,0,0,0,0,0,0,100,0.4,261
"2,3-dimethylpentane",60,14,26,0,0,0,0,0,0,0,0,100,0.5,257.85
"3,3-dimethylpentane",60,28,0,0,0,0,0,0,0,0,0,100,0.6,267
"2,2-dimethylpentane",60,28,0,0,0,0,0,0,0,0,0,100,0.4,288
"2,2,3-trimethylbutane",75,0,13,0,0,0,0,0,0,0,0,100,0.75,266.85
2-methylheptane,39.47368421,49.12280702,11.40350877,0,0,0,0,0,0,0,0,114,0.142857143,277.4
3-methylheptane,39.47368421,49.12280702,11.40350877,0,0,0,0,0,0,0,0,114,0.214285714,280
4-methylheptane,39.47368421,49.12280702,11.40350877,0,0,0,0,0,0,0,0,114,0.285714286,279.7
"3,4-dimethylhexane",52.63157895,24.56140351,22.80701754,0,0,0,0,0,0,0,0,114,0.5,304.6
"2,4-dimethylhexane",52.63157895,24.56140351,22.80701754,0,0,0,0,0,0,0,0,114,0.416666667,283
"3,3-dimethylhexane",52.63157895,36.84210526,0,0,0,0,0,0,0,0,0,114,0.5,282.3
"2,5-dimethylhexane",52.63157895,24.56140351,22.80701754,0,0,0,0,0,0,0,0,114,0.333333333,299
"2,3,4-trimethylpentane",65.78947368,0,34.21052632,0,0,0,0,0,0,0,0,114,0.7,278
"2,3,3-trimethylpentane",65.78947368,12.28070175,11.40350877,0,0,0,0,0,0,0,0,114,0.8,284.4
"2,2,4-trimethylpentane",65.78947368,12.28070175,11.40350877,0,0,0,0,0,0,0,0,114,0.6,261
"2,2,3,3-tetramethylbutane",78.94736842,0,0,0,0,0,0,0,0,0,0,114,1,278
"3-Ethyl-2,4-dimethylpentane",58.59375,10.9375,30.46875,0,0,0,0,0,0,0,0,128,0.9,299.7
3-Ethyl-4-methylhexane,46.875,32.8125,20.3125,0,0,0,0,0,0,0,0,128,0.666666667,297
"2,2,5-Trimethylhexane",58.59375,21.875,10.15625,0,0,0,0,0,0,0,0,128,0.5,286
"3,4-dimethylheptane",46.875,32.8125,20.3125,0,0,0,0,0,0,0,0,128,0.5,333
"3,5-dimethylheptane",46.875,32.8125,20.3125,0,0,0,0,0,0,0,0,128,0.428571429,327.9
"2,2-dimethylheptane",46.875,43.75,0,0,0,0,0,0,0,0,0,128,0.285714286,297.4
"2,6-dimethylheptane",46.875,32.8125,20.3125,0,0,0,0,0,0,0,0,128,0.285714286,326.1
"2,5-dimethylheptane",46.875,32.8125,20.3125,0,0,0,0,0,0,0,0,128,0.357142857,327.2
"2,2,3-trimethylhexane",58.59375,21.875,10.15625,0,0,0,0,0,0,0,0,128,0.583333333,298.4
"2,3,3-trimethylhexane",58.59375,21.875,10.15625,0,0,0,0,0,0,0,0,128,0.57,300.7
"2,4,4-trimethylhexane",58.59375,21.875,10.15625,0,0,0,0,0,0,0,0,128,0.666666667,296.1
"2,3,4-trimethylhexane",58.59375,10.9375,30.46875,0,0,0,0,0,0,0,0,128,0.666666667,301
4-Ethyl-2-methylhexane,46.875,32.8125,20.3125,0,0,0,0,0,0,0,0,128,0.583333333,325.2
"2-methyloctane	",35.15625,54.6875,10.15625,0,0,0,0,0,0,0,0,128,0.125,296
"2,2,3,3-tetramethylpentane",70.3125,10.9375,0,0,0,0,0,0,0,0,0,128,1,289
"2,2,3,4-tetramethylpentane",70.3125,0,20.3125,0,0,0,0,0,0,0,0,128,0.9,284
"2,2,4,4-tetramethylpentane",70.3125,10.9375,0,0,0,0,0,0,0,0,0,128,0.8,276
"2,3,3,4-tetramethylpentane",70.3125,0,20.3125,0,0,0,0,0,0,0,0,128,1,284
"2,5,5-trimethylheptane",52.81690141,29.57746479,9.154929577,0,0,0,0,0,0,0,0,142,0.571428571,312.7
"2,4,6-trimethylheptane",52.81690141,19.71830986,27.46478873,0,0,0,0,0,0,0,0,142,0.571428571,310.1
"2,4,4-trimethylheptane",52.81690141,29.57746479,9.154929577,0,0,0,0,0,0,0,0,142,0.714285714,311.5
"2,4,5-trimethylheptane",52.81690141,19.71830986,27.46478873,0,0,0,0,0,0,0,0,142,0.642857143,313.7
"2,4-dimethyloctane",42.25352113,39.43661972,18.30985915,0,0,0,0,0,0,0,0,142,0.375,351.5
"3,3-dimethyloctane",42.25352113,49.29577465,0,0,0,0,0,0,0,0,0,142,0.375,316.5
"2,2-Dimethyloctane",42.25352113,49.29577465,0,0,0,0,0,0,0,0,0,142,0.25,313.9
"3,4-dimethyloctane",42.25352113,39.43661972,18.30985915,0,0,0,0,0,0,0,0,142,0.4375,359.5
"3,6-dimethyloctane",42.25352113,39.43661972,18.30985915,0,0,0,0,0,0,0,0,142,0.375,356.5
"4,5-dimethyloctane",42.25352113,39.43661972,18.30985915,0,0,0,0,0,0,0,0,142,0.5,358.9
"2,6-dimethyloctane",42.25352113,39.43661972,18.30985915,0,0,0,0,0,0,0,0,142,0.3125,355.4
"4,4-dimethyloctane",42.25352113,49.29577465,0,0,0,0,0,0,0,0,0,142,0.5,314.8
"2,2,3,3-tetramethylhexane",63.38028169,19.71830986,0,0,0,0,0,0,0,0,0,142,0.833333333,304
"2,2,3,4-tetramethylhexane",63.38028169,9.85915493,18.30985915,0,0,0,0,0,0,0,0,142,0.833333333,304
"2,2,4,4-tetramethylhexane",63.38028169,19.71830986,0,0,0,0,0,0,0,0,0,142,0.833333333,304
"2,2,5,5-tetramethylhexane",63.38028169,19.71830986,0,0,0,0,0,0,0,0,0,142,0.666666667,289
"2,3,3,4-tetramethylhexane",63.38028169,9.85915493,18.30985915,0,0,0,0,0,0,0,0,142,0.916666667,304
"2,3,4,4-tetramethylhexane",63.38028169,9.85915493,18.30985915,0,0,0,0,0,0,0,0,142,0.916666667,304
"2,3,4,5-tetramethylhexane",63.38028169,0,36.61971831,0,0,0,0,0,0,0,0,142,0.833333333,304
"3,3,4,4-tetramethylhexane",63.38028169,19.71830986,0,0,0,0,0,0,0,0,0,142,1,304
2-methylnonane,31.69014085,59.15492958,9.154929577,0,0,0,0,0,0,0,0,142,0.111111111,314
2-Methyl-1-butene,42.85714286,20,0,37.14285714,0,0,0,0,0,0,0,70,0.25,253
3-Methyl-1-butene,42.85714286,0,18.57142857,38.57142857,0,0,0,0,0,0,0,70,0.375,266
2-Methyl-2-butene,64.28571429,0,0,35.71428571,0,0,0,0,0,0,0,70,0.25,253
1-Pentene,21.42857143,40,0,38.57142857,0,0,0,0,0,0,0,70,0,255
2-methyl-2-butene,64.28571429,0,0,35.71428571,0,0,0,0,0,0,0,70,0.25,253
"4-Methyl-1,3-pentadiene",36.58536585,0,0,63.41463415,0,0,0,0,0,0,0,82,0.2,239
2-hexene,35.71428571,33.33333333,0,30.95238095,0,0,0,0,0,0,0,84,0,251.85
3-methyl-1-pentene,35.71428571,16.66666667,15.47619048,32.14285714,0,0,0,0,0,0,0,84,0.3,244.85
3-methyl-2-pentene,53.57142857,16.66666667,0,29.76190476,0,0,0,0,0,0,0,84,0.3,266.85
4-methyl-1-pentene,35.71428571,16.66666667,15.47619048,32.14285714,0,0,0,0,0,0,0,84,0.2,241.85
4-methyl-2-pentene,53.57142857,0,15.47619048,30.95238095,0,0,0,0,0,0,0,84,0.2,238
2-methyl-1-pentene,35.71428571,33.33333333,0,30.95238095,0,0,0,0,0,0,0,84,0.2,246.85
2-methyl-2-pentene,53.57142857,16.66666667,0,29.76190476,0,0,0,0,0,0,0,84,0.2,249.85
"3,3-dimethyl-1-butene",53.57142857,0,0,32.14285714,0,0,0,0,0,0,0,84,0.5,244.85
1-hexene,17.85714286,50,0,32.14285714,0,0,0,0,0,0,0,84,0,247
2-ethyl-1-butene,35.71428571,33.33333333,0,30.95238095,0,0,0,0,0,0,0,84,0.5,253
"2,3-dimethyl-1-butene",53.57142857,0,15.47619048,30.95238095,0,0,0,0,0,0,0,84,0.5,254.85
4-Methyl-cis-2-pentene,53.57142857,0,15.47619048,30.95238095,0,0,0,0,0,0,0,84,0.2,241
"2,3-dimethyl-2-butene",71.42857143,0,0,28.57142857,0,0,0,0,0,0,0,84,0.5,253
2-ethyl-1-pentene,30.6122449,42.85714286,0,26.53061224,0,0,0,0,0,0,0,98,0.4,263
3-methyl-1-hexene,30.6122449,28.57142857,13.26530612,27.55102041,0,0,0,0,0,0,0,98,0.25,267
1-heptene,15.30612245,57.14285714,0,27.55102041,0,0,0,0,0,0,0,98,0,272
2-methyl-1-hexene,30.6122449,42.85714286,0,26.53061224,0,0,0,0,0,0,0,98,0.166666667,266.85
4-methyl-1-hexene,30.6122449,28.57142857,13.26530612,27.55102041,0,0,0,0,0,0,0,98,0.25,258
"2,3,3-trimethyl-1-butene",61.2244898,0,0,26.53061224,0,0,0,0,0,0,0,98,0.75,256
2-octene,26.78571429,50,0,23.21428571,0,0,0,0,0,0,0,112,0,286.85
2-methyl-1-heptene,26.78571429,50,0,23.21428571,0,0,0,0,0,0,0,112,0.142857143,282.85
2-methyl-2-heptene,40.17857143,37.5,0,22.32142857,0,0,0,0,0,0,0,112,0.142857143,280.85
3-ethyl-1-hexene,26.78571429,37.5,11.60714286,24.10714286,0,0,0,0,0,0,0,112,0.416666667,274
4-methyl-1-heptene,26.78571429,37.5,11.60714286,24.10714286,0,0,0,0,0,0,0,112,0.285714286,275
"2,4,4-trimethyl-1-pentene",53.57142857,12.5,0,23.21428571,0,0,0,0,0,0,0,112,0.6,268
"2,4,4-trimethyl-2-pentene",66.96428571,0,0,22.32142857,0,0,0,0,0,0,0,112,0.6,274.85
1-octene,13.39285714,62.5,0,24.10714286,0,0,0,0,0,0,0,112,0,294
1-nonene,11.9047619,66.66666667,0,21.42857143,0,0,0,0,0,0,0,126,0,299
1-decene,10.71428571,70,0,19.28571429,0,0,0,0,0,0,0,140,0,320
1-dodecene,8.928571429,75,0,16.07142857,0,0,0,0,0,0,0,168,0,352
"2,2,4,6,6-pentamethyl-3-Heptene",62.5,8.333333333,0,14.88095238,0,0,0,0,0,0,0,168,0.857142857,320.1
cyclopentene,0,0,0,38.23529412,61.76470588,0,0,0,0,0,0,68,0.5,244
cyclopentane,0,0,0,0,100,0,0,0,0,0,0,70,0.5,248
cyclohexene,0,0,0,31.70731707,68.29268293,0,0,0,0,0,0,82,0.5,261
1-methylcyclopentene,18.29268293,0,0,30.48780488,51.2195122,0,0,0,0,0,0,82,0.5,255.85
cyclohexane,0,0,0,0,100,0,0,0,0,0,0,84,0.5,253
Ethylcyclobutane,17.85714286,16.66666667,0,0,65.47619048,0,0,0,0,0,0,84,0.5,258
methylcyclopentane,17.85714286,0,0,0,82.14285714,0,0,0,0,0,0,84,0.5,244
4-Methylcyclohexene,15.625,0,0,27.08333333,57.29166667,0,0,0,0,0,0,96,0.5,272
1-methyl-1-cyclohexene,15.625,0,0,26.04166667,58.33333333,0,0,0,0,0,0,96,0.5,269.85
cycloheptene,0,0,0,27.08333333,72.91666667,0,0,0,0,0,0,96,0.5,267
3-methylcyclohexene,15.625,0,0,27.08333333,57.29166667,0,0,0,0,0,0,96,0.5,270
cycloheptane,0,0,0,0,100,0,0,0,0,0,0,98,0.5,279
methylcyclohexane,15.30612245,0,0,0,84.69387755,0,0,0,0,0,0,98,0.5,269
4-Ethenylcyclohexene (4-Vinylcyclohexene),0,0,0,49.07407407,50.92592593,0,0,0,0,0,0,108,0.5,289
cyclooctene,0,0,0,23.63636364,76.36363636,0,0,0,0,0,0,110,0.5,298
1-methylcycloheptene,13.63636364,0,0,22.72727273,63.63636364,0,0,0,0,0,0,110,0.5,293.6
1-ethylcyclohexene,13.63636364,12.72727273,0,22.72727273,50.90909091,0,0,0,0,0,0,110,0.5,292.2
"1,2-dimethylcyclohexene",27.27272727,0,0,21.81818182,50.90909091,0,0,0,0,0,0,110,0.5,289.8
3-ethylcyclohexene,13.63636364,12.72727273,0,23.63636364,50,0,0,0,0,0,0,110,0.5,285.9
"4,4-dimethylcyclohexene",27.27272727,0,0,23.63636364,49.09090909,0,0,0,0,0,0,110,0.5,275.7
"cis-1,2-Dimethylcyclohexane",26.78571429,0,0,0,73.21428571,0,0,0,0,0,0,112,0.5,289
cyclooctane,0,0,0,0,100,0,0,0,0,0,0,112,0.5,301
ethylcyclohexane,13.39285714,12.5,0,0,74.10714286,0,0,0,0,0,0,112,0.5,308
"1,3-dimethylcyclohexane",26.78571429,0,0,0,73.21428571,0,0,0,0,0,0,112,0.666666667,282.4
"1,4-dimethylcyclohexane",26.78571429,0,0,0,73.21428571,0,0,0,0,0,0,112,0.833333333,289
"1,1-dimethylcyclohexane",26.78571429,0,0,0,73.21428571,0,0,0,0,0,0,112,0.5,280.2
N-propylcyclopentane,13.39285714,25,0,0,61.60714286,0,0,0,0,0,0,112,0.5,289
N-butylcyclopentane,11.9047619,33.33333333,0,0,54.76190476,0,0,0,0,0,0,126,0.5,305
propylcyclohexane,11.9047619,22.22222222,0,0,65.87301587,0,0,0,0,0,0,126,0.5,304
isopropylcyclohexane,23.80952381,0,10.31746032,0,65.87301587,0,0,0,0,0,0,126,0.833333333,308
"1,2,3-trimethylcyclohexane",35.71428571,0,0,0,64.28571429,0,0,0,0,0,0,126,1,300.9
"1,3,5-trimethylcyclohexane",35.71428571,0,0,0,64.28571429,0,0,0,0,0,0,126,1.166666667,300.9
(2-methylpropyl)cyclopentane,23.80952381,11.11111111,10.31746032,0,54.76190476,0,0,0,0,0,0,126,0.75,304.5
1-ethyl-2-methylcyclohexane,23.80952381,11.11111111,0,0,65.07936508,0,0,0,0,0,0,126,0.5,304.9
"1,1,2-trimethylcyclohexane",35.71428571,0,0,0,64.28571429,0,0,0,0,0,0,126,0.833333333,298.2
"1,1,3,3-tetramethylcyclopentane",47.61904762,0,0,0,52.38095238,0,0,0,0,0,0,126,1.166666667,290.9
1-tert-butyl-1-cyclohexene,32.60869565,0,0,18.11594203,40.57971014,0,0,0,0,0,0,138,1.166666667,300.9
Cis-decalin,0,0,0,0,100,0,0,0,0,0,0,136,1,330.8
1-pentylcyclopentene,10.86956522,40.57971014,0,18.11594203,30.43478261,0,0,0,0,0,0,138,0.5,324.3
butylcyclohexane,10.71428571,30,0,0,59.28571429,0,0,0,0,0,0,140,0.5,321
decylcyclopentane,7.142857143,60,0,0,32.85714286,0,0,0,0,0,0,210,0.5,404
benzene,0,0,0,0,0,100,0,0,0,0,0,78,1,262
toluene,16.30434783,0,0,0,0,83.69565217,0,0,0,0,0,92,1,277
styrene,0,0,0,25.96153846,0,74.03846154,0,0,0,0,0,104,1,304
ethylbenzene,14.1509434,13.20754717,0,0,0,72.64150943,0,0,0,0,0,106,1,294
"1,3-dimethylbenzene",28.30188679,0,0,0,0,71.69811321,0,0,0,0,0,106,1.166666667,298
"1,4-dimethylbenzene",28.30188679,0,0,0,0,71.69811321,0,0,0,0,0,106,1.333333333,298
"1,2-dimethylbenzene",28.30188679,0,0,0,0,71.69811321,0,0,0,0,0,106,1,305
Isopropenylbenzene,12.71186441,0,0,22.03389831,0,65.25423729,0,0,0,0,0,118,1.333333333,327
cyclopropylbenzene,0,0,0,0,34.74576271,65.25423729,0,0,0,0,0,118,1.5,316.9
"1,2,3-trimethylbenzene",37.5,0,0,0,0,62.5,0,0,0,0,0,120,1.5,317
"1,3,5-trimethylbenzene",37.5,0,0,0,0,62.5,0,0,0,0,0,120,1.666666667,323
1-ethyl-2-methylbenzene,25,11.66666667,0,0,0,63.33333333,0,0,0,0,0,120,1,312.4
propylbenzene,12.5,23.33333333,0,0,0,64.16666667,0,0,0,0,0,120,1,303
isopropylbenzene,25,0,10.83333333,0,0,64.16666667,0,0,0,0,0,120,1.333333333,309
1-ethyl-3-methylBenzene,25,11.66666667,0,0,0,63.33333333,0,0,0,0,0,120,1.125,311
1-ethyl-4-methylBenzene,25,11.66666667,0,0,0,63.33333333,0,0,0,0,0,120,1.25,309
naphthalene,0,0,0,0,0,100,0,0,0,0,0,128,2,352
tetralin,0,0,0,0,42.42424242,57.57575758,0,0,0,0,0,132,1.5,350
Isobutyl benzene,33.58208955,0,0,0,0,57.46268657,0,0,0,0,0,134,1.666666667,328
"1,4-diethyl-Benzene",22.3880597,20.89552239,0,0,0,56.71641791,0,0,0,0,0,134,1.25,329.7
(1-methylpropyl)-Benzene,22.3880597,10.44776119,9.701492537,0,0,57.46268657,0,0,0,0,0,134,1.25,325
1-methyl-2-(1-methylethyl)-Benzene,33.58208955,0,9.701492537,0,0,56.71641791,0,0,0,0,0,134,1.25,323
1-methyl-4-propylbenzene,22.3880597,20.89552239,0,0,0,56.71641791,0,0,0,0,0,134,1.2,329.3
1-methyl-4-(1-methylethyl)-Benzene,33.58208955,0,9.701492537,0,0,56.71641791,0,0,0,0,0,134,1.5,320.2
"1-ethyl-2,3-dimethylBenzene",33.58208955,10.44776119,0,0,0,55.97014925,0,0,0,0,0,134,1.375,338
"1-ethyl-2,4-dimethylBenzene",33.58208955,10.44776119,0,0,0,55.97014925,0,0,0,0,0,134,1.5,330
1-methyl-2-propylBenzene,22.3880597,20.89552239,0,0,0,56.71641791,0,0,0,0,0,134,1,326
1-methyl-3-propylBenzene,22.3880597,20.89552239,0,0,0,56.71641791,0,0,0,0,0,134,1.1,325
"2-ethyl-1,3-dimethylbenzene",33.58208955,10.44776119,0,0,0,55.97014925,0,0,0,0,0,134,1.375,331
"2-ethyl-1,4-dimethylBenzene",33.58208955,10.44776119,0,0,0,55.97014925,0,0,0,0,0,134,1.5,329
"1,2,3,4-tetramethylbenzene",44.7761194,0,0,0,0,55.2238806,0,0,0,0,0,134,2,347
"1,2,3,5-tetramethylbenzene",44.7761194,0,0,0,0,55.2238806,0,0,0,0,0,134,2,344
"1,2-diethylbenzene",22.3880597,20.89552239,0,0,0,56.71641791,0,0,0,0,0,134,1,330
1-isopropyl-4-methylbenzene,33.58208955,0,9.701492537,0,0,56.71641791,0,0,0,0,0,134,1.5,320
"1,3-diethylbenzene",22.3880597,20.89552239,0,0,0,56.71641791,0,0,0,0,0,134,1.1,330
n-butylbenzene,11.19402985,31.34328358,0,0,0,57.46268657,0,0,0,0,0,134,1,332
tert-butylbenzene,33.58208955,0,0,0,0,57.46268657,0,0,0,0,0,134,1.666666667,333
1-Methyl-3-(1-methylethyl)benzene,33.58208955,0,9.701492537,0,0,56.71641791,0,0,0,0,0,134,1.375,323
1-methylnaphthalene,10.56338028,0,0,0,0,89.43661972,0,0,0,0,0,142,2,355
"1,2,3,4,5-pentamethylbenzene",50.67567568,0,0,0,0,49.32432432,0,0,0,0,0,148,2.167,364
1-methyl-4-tert-butylbenzene,40.54054054,0,0,0,0,51.35135135,0,0,0,0,0,148,1.75,364.1
(3-methylbutyl)-benzene,20.27027027,18.91891892,8.783783784,0,0,52.02702703,0,0,0,0,0,148,1.2,338
n-pentylbenzene,10.13513514,37.83783784,0,0,0,52.02702703,0,0,0,0,0,148,1,339
biphenyl,0,0,0,0,0,100,0,0,0,0,0,154,2,386
"1,2-dimethylnaphthalene",19.23076923,0,0,0,0,80.76923077,0,0,0,0,0,156,1.333333333,387
"1,8-dimethylnaphthalene",19.23076923,0,0,0,0,80.76923077,0,0,0,0,0,156,1,388.3
2-ethylnaphthalene,9.615384615,8.974358974,0,0,0,81.41025641,0,0,0,0,0,156,1,377.4
"1,4-dimethylnaphthalene",19.23076923,0,0,0,0,80.76923077,0,0,0,0,0,156,1.666666667,382.2
cyclohexylbenzene,0,0,8.125,0,43.75,48.125,0,0,0,0,0,160,1.5,372
n-hexylbenzene,9.259259259,43.20987654,0,0,0,47.5308642,0,0,0,0,0,162,1,353
fluorene,0,0,0,0,8.43373494,91.56626506,0,0,0,0,0,166,2.5,406
2-methylbiphenyl,8.928571429,0,0,0,0,91.07142857,0,0,0,0,0,168,2,410
diphenylmethane,0,8.333333333,0,0,0,91.66666667,0,0,0,0,0,168,2,403
n-heptylbenzene,8.522727273,47.72727273,0,0,0,43.75,0,0,0,0,0,176,1,358.15
anthracene,0,0,0,0,0,100,0,0,0,0,0,178,3,394
bibenzyl,0,15.38461538,0,0,0,84.61538462,0,0,0,0,0,182,2,401.85
n-octylbenzene,7.894736842,51.57894737,0,0,0,40.52631579,0,0,0,0,0,190,1,380
n-nonylbenzene,7.352941176,54.90196078,0,0,0,37.74509804,0,0,0,0,0,204,1,372
pyrene,0,0,0,0,0,100,0,0,0,0,0,202,4,441.8
n-decylbenzene,6.880733945,57.79816514,0,0,0,35.32110092,0,0,0,0,0,218,1,380
n-undecylbenzene,6.465517241,60.34482759,0,0,0,33.18965517,0,0,0,0,0,232,1,417
Dodecyl Benzene,6.097560976,62.60162602,0,0,0,31.30081301,0,0,0,0,0,246,1,414
1-ethenyl-2-ethylBenzene,11.36363636,10.60606061,0,20.45454545,0,57.57575758,0,0,0,0,0,132,1,331
1-ethenyl-3-ethylBenzene,11.36363636,10.60606061,0,20.45454545,0,57.57575758,0,0,0,0,0,132,1.1,333
1-ethenyl-4-ethylBenzene,11.36363636,10.60606061,0,20.45454545,0,57.57575758,0,0,0,0,0,132,1.2,334
n-tridecylbenzene,5.769230769,64.61538462,0,0,0,29.61538462,0,0,0,0,0,260,1,438
n-tetradecylbenzene,5.474452555,66.42335766,0,0,0,28.10218978,0,0,0,0,0,274,1,447
N-hexadecylbenzene,4.966887417,69.53642384,0,0,0,25.49668874,0,0,0,0,0,302,1,466
Heptadecyl Benzene,4.746835443,70.88607595,0,0,0,24.36708861,0,0,0,0,0,316,1,472
methanol,46.88,0,0,0,0,0,53.12,0,0,0,0,32,0,285
ethanol,32.6,30.43,0,0,0,0,36.96,0,0,0,0,46,0,286
"1,2-ethanediol (ethylene glycol)",0,45.16129032,0,0,0,0,54.83870968,0,0,0,0,62,0,384
propenol,25.86206897,0,0,44.82758621,0,0,29.31034483,0,0,0,0,58,0,294
1-propanol,25,46.66,0,0,0,0,28.33,0,0,0,0,60,0,288
2-propanol,50,0,21.66666667,0,0,0,28.33333333,0,0,0,0,60,0.333333333,284.7
"1,2-propanediol",19.73684211,18.42105263,17.10526316,0,0,0,44.73684211,0,0,0,0,76,0.25,372
2-Methoxyethanol,19.73,36.84,0,0,0,0,22.36,21.05,0,0,0,76,0,312
2-buten-1-ol,20.83333333,19.44444444,0,36.11111111,0,0,23.61111111,0,0,0,0,72,0,300
3-buten-1-ol,0,38.88888889,0,37.5,0,0,23.61111111,0,0,0,0,72,0,306
3-buten-2-ol,20.83333333,0,18.05555556,37.5,0,0,23.61111111,0,0,0,0,72,0.25,293
2-Methyl-1-propanol,40.54054054,18.91891892,17.56756757,0,0,0,22.97297297,0,0,0,0,74,0.25,301
1-butanol,20.27,56.75,0,0,0,0,22.97,0,0,0,0,74,0,310
2-butanol,40.54,18.91,17.56,0,0,0,22.97,0,0,0,0,74,0.25,297
2-Methyl-2-propanol,60.81081081,0,0,0,0,0,22.97,0,0,0,0,74,0.666666667,284
Cyclopentanol,0,0,0,0,79.31034483,0,19.54022989,0,0,0,0,87,0.5,324
"2,2-Dimethyl-1-propanol",51.13636364,15.90909091,0,0,0,0,19.31818182,0,0,0,0,88,0.5,310
1-pentanol,17.04545455,63.63636364,0,0,0,0,19.31818182,0,0,0,0,88,0,306
2-pentanol,34.09090909,31.81818182,14.77272727,0,0,0,19.31818182,0,0,0,0,88,0.2,307
3-pentanol,34.09090909,31.81818182,14.77272727,0,0,0,19.31818182,0,0,0,0,88,0.3,307
2-Methyl-1-butanol,34.09,31.81,14.77,0,0,0,19.318,0,0,0,0,88,0.3,323
3-Methyl-1-butanol,34.09090909,31.81818182,14.77272727,0,0,0,19.31818182,0,0,0,0,88,0.2,316
2-methyl-2-butanol,51.14,15.91,0,0,0,0,19.32,0,0,0,0,88,0.5,292
3-methyl-2-butanol,51.13636364,0,29.54545455,0,0,0,19.31818182,0,0,0,0,88,0.5,311
cyclohexanol,0,0,0,0,83,0,17,0,0,0,0,100,0.5,341
1-hexanol,14.70588235,68.62745098,0,0,0,0,16.66666667,0,0,0,0,102,0,336
2-hexanol,29.41176471,41.17647059,12.74509804,0,0,0,16.66666667,0,0,0,0,102,0.166666667,314
3-hexanol,29.41176471,41.17647059,12.74509804,0,0,0,16.66666667,0,0,0,0,102,0.25,314
2-methyl-2-pentanol,44.11764706,27.45098039,0,0,0,0,16.66666667,0,0,0,0,102,0.4,314
3-methyl-2-pentanol,44.11764706,13.7254902,25.49019608,0,0,0,16.66666667,0,0,0,0,102,0.5,313
4-methyl-2-pentanol,44.11764706,13.7254902,25.49019608,0,0,0,16.66666667,0,0,0,0,102,0.4,314
2-ethyl-1-butanol,29.41176471,41.17647059,12.74509804,0,0,0,16.66666667,0,0,0,0,102,0.5,330
"2,5-Hexanediol",25.42372881,23.72881356,22.03389831,0,0,0,28.81355932,0,0,0,0,118,0.333333333,383
"2-Methyl-2,4-pentanediol",38.13559322,11.86440678,11.01694915,0,0,0,28.81355932,0,0,0,0,118,0.6,375
Benzyl alcohol ,0,12.96296296,0,0,0,71.2962963,15.74074074,0,0,0,0,108,1,366
cis-2-Methylcyclohexanol,13.15789474,0,0,0,71.92982456,0,14.9122807,0,0,0,0,114,0.5,338
cis-3-Methylcyclohexanol,13.15789474,0,0,0,71.92982456,0,14.9122807,0,0,0,0,114,0.666666667,343
cis-4-Methylcyclohexanol,13.15789474,0,0,0,71.92982456,0,14.9122807,0,0,0,0,114,0.833333333,343
1-heptanol,12.93,72.41,0,0,0,0,14.66,0,0,0,0,116,0,346
3-heptanol,25.86,48.27586207,11.20689655,0,0,0,14.65,0,0,0,0,116,0.214285714,333
4-heptanol,25.86,48.28,11.21,0,0,0,14.65,0,0,0,0,116,0.285,334.8
2-heptanol,25.86,48.28,11.21,0,0,0,14.65,0,0,0,0,116,0.142,344
"2,4-dimethyl-3-pentanol",51.72413793,0,33.62068966,0,0,0,14.65517241,0,0,0,0,116,0.7,322
"2,3,3-trimethylbutan-2-ol",64.65517241,0,0,0,0,0,14.65517241,0,0,0,0,116,1,306.6
"2,3-dimethylpentan-3-ol",51.72413793,12.06896552,11.20689655,0,0,0,14.65517241,0,0,0,0,116,0.8,313.6
3-ethylpentan-3-ol,38.79310345,36.20689655,0,0,0,0,14.65517241,0,0,0,0,116,0.8,313
3-methylhexan-3-ol,38.79310345,36.20689655,0,0,0,0,14.65517241,0,0,0,0,116,0.5,322.4
2-methylhexan-3-ol,38.79310345,24.13793103,22.4137931,0,0,0,14.65517241,0,0,0,0,116,0.416666667,313.556
"2,2-dimethylpentan-3-ol",51.72413793,12.06896552,11.20689655,0,0,0,14.65517241,0,0,0,0,116,0.7,311.3
2-methylhexan-1-ol,25.86206897,48.27586207,11.20689655,0,0,0,14.65517241,0,0,0,0,116,0.214285714,334.8
1-octanol,11.53846154,75.38461538,0,0,0,0,13.07692308,0,0,0,0,130,0,354
4-octanol,23.07692308,53.84615385,10,0,0,0,13.07692308,0,0,0,0,130,0.25,344
3-octanol,23.07692308,53.84615385,10,0,0,0,13.07692308,0,0,0,0,130,0.187,338
2-octanol,23.07692308,53.84615385,10,0,0,0,13.07692308,0,0,0,0,130,0.125,361
2-ethyl-1-hexanol,23.07692308,53.84615385,10,0,0,0,13.07692308,0,0,0,0,130,0.357142857,346
Benzeneethanol,0,22.95081967,0,0,0,63.1147541,13.93442623,0,0,0,0,122,1,369
"2-Ethyl-1,3-hexanediol",20.54794521,38.35616438,17.80821918,0,0,0,23.28767123,0,0,0,0,146,0.642857143,400
1-Decanol,9.493670886,79.74683544,0,0,0,0,10.75949367,0,0,0,0,158,0,355
2-Butyl-1-octanol,16.12903226,67.74193548,6.989247312,0,0,0,9.139784946,0,0,0,0,186,0.5,383
1-Dodecanol,8.064516129,82.79569892,0,0,0,0,9.139784946,0,0,0,0,186,0,400
Dimethyl ether,65.2173913,0,0,0,0,0,0,34.7826087,0,0,0,46,0,232
Methyl vinyl ether,25.86206897,0,0,46.55172414,0,0,0,27.5862069,0,0,0,58,0,217
Ethyl methyl ether,50,23.33333333,0,0,0,0,0,26.66666667,0,0,0,60,0,236
dimethoxymethane,39.47368421,18.42105263,0,0,0,0,0,42.10526316,0,0,0,76,0,241
Divinyl Ether,0,0,0,77.14285714,0,0,0,22.85714286,0,0,0,70,0,226
Ethyl vinyl ether,20.83333333,19.44444444,0,37.5,0,0,0,22.22222222,0,0,0,72,0,256
Isopropenyl methyl ether,41.66666667,0,0,36.11111111,0,0,0,22.22222222,0,0,0,72,0.25,244
Methyl propyl ether,40.54054054,37.83783784,0,0,0,0,0,21.62162162,0,0,0,74,0,253
diethyl ether,40.54054054,37.83783784,0,0,0,0,0,21.62162162,0,0,0,74,0,228
"1,2-dimethoxyethane",33.33333333,31.11111111,0,0,0,0,0,35.55555556,0,0,0,90,0,271
2-ethoxyethanol,16.66666667,46.66666667,0,0,0,0,18.88888889,17.77777778,0,0,0,90,0,316
"1,1-dimethoxyethane",50,0,14.44444444,0,0,0,0,35.55555556,0,0,0,90,0.3,256
1-methoxy-2-propanol,33.33333333,15.55555556,14.44444444,0,0,0,18.88888889,17.77777778,0,0,0,90,0.2,311
trimethoxymethane,42.45283019,0,12.26415094,0,0,0,0,45.28301887,0,0,0,106,0.5,287.85
methyl sec-butyl ether,51.13636364,15.90909091,14.77272727,0,0,0,0,18.18181818,0,0,0,88,0.3,242.85
dipropyl ether,29.41176471,54.90196078,0,0,0,0,0,15.68627451,0,0,0,102,0,294
"1,2-dimethoxypropane",43.26923077,13.46153846,12.5,0,0,0,0,30.76923077,0,0,0,104,0.25,273.6
2-isopropoxyethanol,28.84615385,26.92307692,12.5,0,0,0,16.34615385,15.38461538,0,0,0,104,0.166666667,315.85
Diethylene glycol monomethyl ether,12.5,46.66666667,0,0,0,0,14.16666667,26.66666667,0,0,0,120,0,369
"1,1,1-trimethoxyethane",50,0,0,0,0,0,0,40,0,0,0,120,0.8,289
tetramethoxymethane,44.11764706,0,0,0,0,0,0,47.05882353,0,0,0,136,1,279.7
Isobutyl vinyl ether,30,14,13,27,0,0,0,16,0,0,0,100,0.166666667,264
Allyl propyl ether,15,42,0,27,0,0,0,16,0,0,0,100,0,311
Butyl ethyl ether,29.41176471,54.90196078,0,0,0,0,0,15.68627451,0,0,0,102,0,277
diisopropyl ether,58.82352941,0,25.49019608,0,0,0,0,15.68627451,0,0,0,102,0.4,261
"1,2-diethoxyethane",25.42372881,47.45762712,0,0,0,0,0,27.11864407,0,0,0,118,0,308
"1,1-diethoxyethane",38.13559322,23.72881356,11.01694915,0,0,0,0,27.11864407,0,0,0,118,0.285714286,251.85
2-butoxyethanol,12.71186441,59.3220339,0,0,0,0,14.40677966,13.55932203,0,0,0,118,0,334
Diethylene glycol dimethyl ether,22.3880597,41.79104478,0,0,0,0,0,35.82089552,0,0,0,134,0,340
Diethylene glycol monoethyl ether,11.19402985,52.23880597,0,0,0,0,12.68656716,23.88059701,0,0,0,134,0,369
"1,1-diethoxypropane",34.09090909,31.81818182,9.848484848,0,0,0,0,24.24242424,0,0,0,132,0.428571429,285.8
dibutyl ether,23.07692308,64.61538462,0,0,0,0,0,12.30769231,0,0,0,130,0,298
Diethylene glycol diethyl ether,18.51851852,51.85185185,0,0,0,0,0,29.62962963,0,0,0,162,0,355
Allyl phenyl ether,0,10.44776119,0,20.14925373,0,57.46268657,0,11.94029851,0,0,0,134,1,335
Butyl phenyl ether,10,28,0,0,0,51.33333333,0,10.66666667,0,0,0,150,1,355
Dipentyl ether,18.98734177,70.88607595,0,0,0,0,0,10.12658228,0,0,0,158,0,336
decyl methyl Ether,17.44186047,73.25581395,0,0,0,0,0,9.302325581,0,0,0,172,0,345.9
Methyl 1-naphthyl ether,9.493670886,0,0,0,0,80.37974684,0,10.12658228,0,0,0,158,2,375.3
diphenyl ether,0,0,0,0,0,90.58823529,0,9.411764706,0,0,0,170,2,385
Dihexyl ether,16.12903226,75.2688172,0,0,0,0,0,8.602150538,0,0,0,186,0,350
Diethylene glycol dibutyl ether,13.76146789,64.22018349,0,0,0,0,0,22.01834862,0,0,0,218,0,391
Dibenzyl ether,0,14.14141414,0,0,0,77.77777778,0,8.080808081,0,0,0,198,2,408
Acetaldehyde,34.09090909,0,0,0,0,0,0,0,65.90909091,0,0,44,0,235.22
propenal (Acrolein),0,0,0,48.21428571,0,0,0,0,51.78571429,0,0,56,0,247
Propanal,25.86206897,48.27586207,0,0,0,0,0,0,50,0,0,58,0,243
"Propanal, 2-methyl-",41.66666667,0,18.05555556,0,0,0,0,0,40.27777778,0,0,72,0.25,249
Butanal,20.83333333,38.88888889,0,0,0,0,0,0,40.27777778,0,0,72,0,251
Furfural,0,0,0,53.125,0,0,0,16.66666667,30.20833333,0,0,96,1,333
"2,2-dimethylpropanal",52.3255814,0,0,0,0,0,0,0,33.72093023,0,0,86,0.5,258
3-methylbutanal,34.88372093,16.27906977,15.11627907,0,0,0,0,0,33.72093023,0,0,86,0.2,268
2-Methylbutyraldehyde,34.88372093,16.27906977,15.11627907,0,0,0,0,0,33.72093023,0,0,86,0.3,277
Pentanal,17.44186047,48.8372093,0,0,0,0,0,0,33.72093023,0,0,86,0,285
3-Ethoxypropanal,14.70588235,41.17647059,0,0,0,0,0,15.68627451,28.43137255,0,0,102,0,311
2-Ethylbutanal,30,28,13,0,0,0,0,0,29,0,0,100,0.5,294
Hexanal,15,56,0,0,0,0,0,0,29,0,0,100,0,305
2-Methylpentanal,30,28,13,0,0,0,0,0,29,0,0,100,0.25,290
Benzaldehyde,0,0,0,0,0,72.64150943,0,0,27.35849057,0,0,106,1,336
2-methylhexanal,26.31578947,36.84210526,11.40350877,0,0,0,0,0,25.43859649,0,0,114,0.214285714,305.6
3-methylhexanal,26.31578947,36.84210526,11.40350877,0,0,0,0,0,25.43859649,0,0,114,0.285714286,305.6
Heptanal,13.15789474,61.40350877,0,0,0,0,0,0,25.43859649,0,0,114,0,308
"2,3-Dimethylpentanal",39.47368421,12.28070175,22.80701754,0,0,0,0,0,25.43859649,0,0,114,0.5,331
4-Methylbenzaldehyde,12.5,0,0,0,0,63.33333333,0,0,24.16666667,0,0,120,1.25,353
Benzeneacetaldehyde,0,11.66666667,0,0,0,64.16666667,0,0,24.16666667,0,0,120,1,344
4-Methoxybenzaldehyde,11.02941176,0,0,0,0,55.88235294,0,11.76470588,21.32352941,0,0,136,1.2,381
2-Methoxybenzaldehyde,11.02941176,0,0,0,0,55.88235294,0,11.76470588,21.32352941,0,0,136,1,391
"Hexanal, 2-ethyl-",23.4375,43.75,10.15625,0,0,0,0,0,22.65625,0,0,128,0.357142857,323
Octanal,11.71875,65.625,0,0,0,0,0,0,22.65625,0,0,128,0,325
2-Phenylpropionaldehyde,11.19402985,0,9.701492537,0,0,57.46268657,0,0,21.64179104,0,0,134,1.25,342
"Hexanal, 3,5,5-trimethyl-",42.25352113,19.71830986,9.154929577,0,0,0,0,0,20.42253521,0,0,142,0.571428571,319.7
Nonyl aldehyde,10.56338028,69.01408451,0,0,0,0,0,0,20.42253521,0,0,142,0,336
Decanal,9.615384615,71.79487179,0,0,0,0,0,0,18.58974359,0,0,156,0,358
Undecanal,8.823529412,74.11764706,0,0,0,0,0,0,17.05882353,0,0,170,0,369
Dodecanal,8.152173913,76.08695652,0,0,0,0,0,0,15.76086957,0,0,184,0,374
"Undecanal, 2-methyl-",16.30434783,60.86956522,7.065217391,0,0,0,0,0,15.76086957,0,0,184,0.125,366.3
2-propanone,51.72413793,0,0,0,0,0,0,0,0,48.27586207,0,58,0.333333333,254.85
Butenone (METHYL VINYL KETONE),21.42857143,0,0,38.57142857,0,0,0,0,0,40,0,70,0.25,266
"2,3-Butanedione",34.88372093,0,0,0,0,0,0,0,0,65.11627907,0,86,0.5,300
2-butanone,41.66666667,19.44444444,0,0,0,0,0,0,0,38.88888889,0,72,0.25,266.85
Cyclopentanone,0,0,0,0,66.66666667,0,0,0,0,33.33333333,0,84,0.5,299
"2,4-Pentanedione",30,14,0,0,0,0,0,0,0,56,0,100,0.4,307
3-Pentanone,34.88372093,32.55813953,0,0,0,0,0,0,0,32.55813953,0,86,0.3,286
2-pentanone,34.88372093,32.55813953,0,0,0,0,0,0,0,32.55813953,0,86,0.2,280
Cyclohexanone,0,0,0,0,71.42857143,0,0,0,0,28.57142857,0,98,0.5,317
"2,5-Hexanedione",26.31578947,24.56140351,0,0,0,0,0,0,0,49.12280702,0,114,0.333333333,352
"1,1-Dimethoxy-2-propanone",38.13559322,0,11.01694915,0,0,0,0,27.11864407,0,23.72881356,0,118,0.7,310
2-hexanone,30,42,0,0,0,0,0,0,0,28,0,100,0.166666667,298
3-hexanone,30,42,0,0,0,0,0,0,0,28,0,100,0.25,308
"3,3-Dimethyl-2-butanone",60,0,0,0,0,0,0,0,0,28,0,100,0.75,296
4-Methyl-2-pentanone,45,14,13,0,0,0,0,0,0,28,0,100,0.4,291
"1,1-Dimethoxy-3-butanone",34.09090909,10.60606061,9.848484848,0,0,0,0,24.24242424,0,21.21212121,0,132,0.583333333,322
Cycloheptanone,0,0,0,0,75,0,0,0,0,25,0,112,0.5,328
2-Heptanone,26.31578947,49.12280702,0,0,0,0,0,0,0,24.56140351,0,114,0.142857143,312
3-Heptanone,26.31578947,49.12280702,0,0,0,0,0,0,0,24.56140351,0,114,0.214285714,319
4-Heptanone,26.31578947,49.12280702,0,0,0,0,0,0,0,24.56140351,0,114,0.285714286,322
"2,4-Dimethyl-3-pentanone",52.63157895,0,22.80701754,0,0,0,0,0,0,24.56140351,0,114,0.7,288
5-Methyl-2-hexanone,39.47368421,24.56140351,11.40350877,0,0,0,0,0,0,24.56140351,0,114,0.333333333,309
"2,6-Dimethylcyclohexanone",23.80952381,0,0,0,53.96825397,0,0,0,0,22.22222222,0,126,0.833333333,324
1-cyclohexylethanone,11.9047619,0,0,0,65.87301587,0,0,0,0,22.22222222,0,126,0.833333333,334.4
"2,2-dimethylcyclohexan-1-one",23.80952381,0,0,0,53.96825397,0,0,0,0,22.22222222,0,126,0.833333333,323.1
"(Z)-3,4-dimethylhex-3-en-2-one",47.61904762,11.11111111,0,19.04761905,0,0,0,0,0,22.22222222,0,126,0.666666667,334.4
"2,6-dimethylcyclohexan-1-one",23.80952381,0,0,0,53.96825397,0,0,0,0,22.22222222,0,126,0.833333333,326.8
"3,3-dimethylcyclohexan-1-one",23.80952381,0,0,0,53.96825397,0,0,0,0,22.22222222,0,126,0.75,323.1
4-ethylcyclohexan-1-one,11.9047619,11.11111111,0,0,54.76190476,0,0,0,0,22.22222222,0,126,0.75,331.5
"2,2,4-trimethylcyclopentan-1-one",35.71428571,0,0,0,42.06349206,0,0,0,0,22.22222222,0,126,0.833,318.4
cyclooctanone,0,0,0,0,77.77777778,0,0,0,0,22.22222222,0,126,0.5,345.778
"2,4,4-trimethylcyclopentan-1-one",35.71428571,0,0,0,42.06349206,0,0,0,0,22.22222222,0,126,1.166666667,318.4
3-Octanone,23.4375,54.6875,0,0,0,0,0,0,0,21.875,0,128,0.1875,319
4-Octanone,23.4375,54.6875,0,0,0,0,0,0,0,21.875,0,128,0.25,318
2-Octanone,23.4375,54.6875,0,0,0,0,0,0,0,21.875,0,128,0.125,325
1-Phenyl-1-propanone,11.19402985,10.44776119,0,0,0,57.46268657,0,0,0,20.89552239,0,134,1.25,372
5-Nonanone,21.12676056,59.15492958,0,0,0,0,0,0,0,19.71830986,0,142,0.277777778,333
2-Nonanone,21.12676056,59.15492958,0,0,0,0,0,0,0,19.71830986,0,142,0.111111111,333
"2,6-Dimethyl-4-heptanone",42.25352113,19.71830986,18.30985915,0,0,0,0,0,0,19.71830986,0,142,0.571428571,322
4-Phenyl-2-butanone,10.13513514,18.91891892,0,0,0,52.02702703,0,0,0,18.91891892,0,148,1.2,371
1-Phenyl-2-butanone,10.13513514,18.91891892,0,0,0,52.02702703,0,0,0,18.91891892,0,148,1.3,363
4-Decanone,19.23076923,62.82051282,0,0,0,0,0,0,0,17.94871795,0,156,0.2,344
6-Undecanone,17.64705882,65.88235294,0,0,0,0,0,0,0,16.47058824,0,170,0.272727273,361
2-Undecanone,17.64705882,65.88235294,0,0,0,0,0,0,0,16.47058824,0,170,0.090909091,362
methyl methanoate (Methyl Formate),0,0,0,0,0,0,0,0,0,0,100,60,0,254.11
Ethyl methanoate (Ethyl Formate),20.27027027,0,0,0,0,0,0,0,0,0,79.72972973,74,0,269
Ethenyl ethanoate (vinyl Acetate),17.44186047,0,0,31.39534884,0,0,0,0,0,0,51.1627907,86,0.2,264.85
Ethyl ethanoate,34.09090909,0,0,0,0,0,0,0,0,0,65.90909091,88,0.2,273
Methyl propanoate,17.04545455,15.90909091,0,0,0,0,0,0,0,0,67.04545455,88,0.3,271
methyl 2-oxopropanoate,14.70588235,0,0,0,0,0,0,0,0,27.45098039,57.84313725,102,0.5,312
methyl 3-hydroxypropanoate,0,26.92307692,0,0,0,0,16.34615385,0,0,0,56.73076923,104,0.25,345.6
Vinyl propanoate,15,14,0,27,0,0,0,0,0,0,44,100,0.25,274
Methyl 2-methyl-2-propenoate (Methyl Methacrylate),15,0,0,26,0,0,0,0,0,0,59,100,0.3,284
Methyl butanoate,14.70588235,27.45098039,0,0,0,0,0,0,0,0,57.84313725,102,0.25,287
Propyl ethanoate (Propyl Acetate),29.41176471,13.7254902,0,0,0,0,0,0,0,0,56.8627451,102,0.166666667,287.85
Ethyl propanoate,29.41176471,13.7254902,0,0,0,0,0,0,0,0,56.8627451,102,0.25,285
Isopropyl ethanoate (Isopropyl Acetate),44.11764706,0,0,0,0,0,0,0,0,0,55.88235294,102,0.4,275.22
methyl 2-hydroxy-2-methylpropanoate,25.42372881,0,0,0,0,0,14.40677966,0,0,0,50,118,0.7,309.8
methyl 3-methoxypropanoate,12.71186441,23.72881356,0,0,0,0,0,13.55932203,0,0,50,118,0.214285714,320
Vinyl butanoate,13.15789474,24.56140351,0,23.68421053,0,0,0,0,0,0,38.59649123,114,0.285714286,293
Ethyl trans-2-butenoate,26.31578947,0,0,22.80701754,0,0,0,0,0,0,50.87719298,114,0.285714286,275
methyl 3-methylbut-2-enoate,26.31578947,0,0,21.92982456,0,0,0,0,0,0,51.75438596,114,0.416666667,305.1
propyl prop-2-enoate,13.15789474,12.28070175,0,23.68421053,0,0,0,0,0,0,50.87719298,114,0.214285714,299.1
Methyl pentanoate,12.93103448,36.20689655,0,0,0,0,0,0,0,0,50.86206897,116,0.214285714,295
Ethyl butanoate,25.86206897,24.13793103,0,0,0,0,0,0,0,0,50,116,0.285714286,297
butyl ethanoate,25.86206897,24.13793103,0,0,0,0,0,0,0,0,50,116,0.142857143,294.85
methyl 3-methylbutanoate,25.86206897,12.06896552,11.20689655,0,0,0,0,0,0,0,50.86206897,116,0.416666667,292.4
propan-2-yl propanoate,38.79310345,12.06896552,0,0,0,0,0,0,0,0,49.13793103,116,0.416666667,292.4
"methyl 2,2-dimethylpropanoate",38.79310345,0,0,0,0,0,0,0,0,0,50.86206897,116,0.7,279.7
"ethyl 2,4-dioxopentanoate",18.98734177,8.860759494,0,0,0,0,0,0,0,35.44303797,36.70886076,158,0.625,358.755
Butyl 2-propenoate (n-Butyl Acrylate),11.71875,21.875,0,21.09375,0,0,0,0,0,0,45.3125,128,0.1875,311.89
propan-2-yl 3-oxobutanoate,31.25,9.722222222,0,0,0,0,0,0,0,19.44444444,39.58333333,144,0.571428571,341.9
Butyl propanoate,23.07692308,32.30769231,0,0,0,0,0,0,0,0,44.61538462,130,0.1875,305
Propyl butanoate,23.07692308,32.30769231,0,0,0,0,0,0,0,0,44.61538462,130,0.25,310
3-Methylbutyl ethanoate,34.61538462,10.76923077,10,0,0,0,0,0,0,0,44.61538462,130,0.285714286,298
Methyl hexanoate,11.53846154,43.07692308,0,0,0,0,0,0,0,0,45.38461538,130,0.1875,327
butan-2-yl propanoate,34.61538462,21.53846154,0,0,0,0,0,0,0,0,43.84615385,130,0.428571429,306.4
propan-2-yl butanoate,34.61538462,21.53846154,0,0,0,0,0,0,0,0,43.84615385,130,0.357142857,303
propyl 2-methylpropanoate,34.61538462,10.76923077,10,0,0,0,0,0,0,0,44.61538462,130,0.357142857,306.4
"ethyl 2,2-dimethylpropanoate",46.15384615,0,0,0,0,0,0,0,0,0,44.61538462,130,0.583333333,289
Methyl benzoate,0,0,0,0,0,56.61764706,0,0,0,0,43.38235294,136,1.25,356
tert-butyl 3-oxobutanoate,37.97468354,8.860759494,0,0,0,0,0,0,0,17.72151899,35.44303797,158,0.714285714,339.5
ethyl 4-methyl-3-oxopentanoate,28.48101266,8.860759494,8.227848101,0,0,0,0,0,0,17.72151899,36.70886076,158,0.5625,317
propan-2-yl 4-oxopentanoate,28.48101266,17.72151899,0,0,0,0,0,0,0,17.72151899,36.07594937,158,0.5,357.4
ethyl 5-oxohexanoate,18.98734177,26.58227848,0,0,0,0,0,0,0,17.72151899,36.70886076,158,0.333333333,342.4
2-methylpropanoyl 2-methylpropanoate,37.97468354,0,8.227848101,0,0,0,0,0,0,17.72151899,36.07594937,158,0.714285714,332.4
"ethyl 2,2-dimethyl-3-oxobutanoate",37.97468354,0,0,0,0,0,0,0,0,17.72151899,36.70886076,158,0.857142857,386.7
Pentyl propanoate,20.83333333,48.611,0,0,0,0,0,0,0,0,40.27777778,144,0.166666667,314
Isobutyl butanoate,31.25,19.44444444,9.027777778,0,0,0,0,0,0,0,40.27777778,144,0.375,323
Ethyl hexanoate,20.83333333,38.88888889,0,0,0,0,0,0,0,0,40.27777778,144,0.222222222,322
ethyl 4-methylpentanoate,31.25,19.44444444,9.027777778,0,0,0,0,0,0,0,40.27777778,144,0.375,319.7
Ethyl benzoate,10,0,0,0,0,51.33333333,0,0,0,0,38.66666667,150,1.2,361
cyclohexyl propanoate,9.615384615,0,0,0,53.20512821,0,0,0,0,0,37.1717,156,0.8,340.8
2-Propenyl n-hexanoate (Allyl hexanoate),9.615384615,35.8974359,0,17.30769231,0,0,0,0,0,0,37.17948718,156,0.15,339
Butyl 3-methylbutanoate,28.48101266,26.58227848,8.227848101,0,0,0,0,0,0,0,36.70886076,158,0.333333333,326
Pentyl butanoate,18.98734177,44.30379747,0,0,0,0,0,0,0,0,36.70886076,158,0.2,330
cyclohexyl 2-methylpropanoate,17.64705882,0,0,0,48.82352941,0,0,0,0,0,33.529,170,0.5,347.9
propyl heptanoate,17.44186047,48.8372093,0,0,0,0,0,0,0,0,33.72093023,172,0.227272727,349.7
heptyl propanoate,17.44186047,48.8372093,0,0,0,0,0,0,0,0,33.72093023,172,0.136363636,352.8
Ethyl octanoate,17.44186047,48.8372093,0,0,0,0,0,0,0,0,33.72093023,172,0.181818182,352
Isopropyl benzoate,18.29268293,0,0,0,0,46.95121951,0,0,0,0,34.75609756,164,1.4,372
Butyl benzoate,8.426966292,15.73033708,0,0,0,43.25842697,0,0,0,0,32.58426966,178,1.142857143,380
heptyl butanoate,16.12903226,52.68817204,0,0,0,0,0,0,0,0,31.1827957,186,0.166666667,363.6
butyl heptanoate,16.12903226,52.68817204,0,0,0,0,0,0,0,0,31.1827957,186,0.25,360.9
octyl propanoate,16.12903226,52.68817204,0,0,0,0,0,0,0,0,31.1827957,186,0.125,365
pentyl heptanoate,15,56,0,0,0,0,0,0,0,0,29,200,0.269230769,372
octyl butanoate,15,56,0,0,0,0,0,0,0,0,29,200,0.153846154,376.3
hexyl hexanoate,15,56,0,0,0,0,0,0,0,0,29,200,0.230769231,372.4
octyl pentanoate,14.01869159,58.87850467,0,0,0,0,0,0,0,0,27.10280374,214,0.178571429,382.6
methyl dodecanoate,7.009345794,65.42056075,0,0,0,0,0,0,0,0,27.57009346,214,0.107142857,367
octyl hexanoate,13.15789474,61.40350877,0,0,0,0,0,0,0,0,25.43859649,228,0.2,393
heptyl octanoate,12.39669421,63.63636364,0,0,0,0,0,0,0,0,23.96694215,242,0.25,403
octyl octanoate,11.71875,65.625,0,0,0,0,0,0,0,0,22.65625,256,0.235294118,412.8
JF1,11.2337,45.49,0,0,39.1247,4.15163,0,0,0,0,0,151.83,0.51341,326
JF2,11.723,44.646,0,0,36.329,7.301,0,0,0,0,0,152.81,0.549,322.5
JF3,21.709,61.117,0,0,10.001,7.173,0,0,0,0,0,125.597,0.21,295.5
JF4,15.202,67.625,0,0,10.001,7.173,0,0,0,0,0,172.758,0.288,313
JF5,8.552,24.276,0,0,60,7.172,0,0,0,0,0,138.897,0.735,312.5
JF6,17.10341123,48.55109615,0,0,20.00121585,14.34427677,0,0,0,0,0,139.82,0.46654,304.5
JF7,17.6,82.4,0,0,0,0,0,0,0,0,0,55.633,0,338.5
JF8,17.6,82.4,0,0,0,0,0,0,0,0,0,31.1916,0,330
JF9,17.6,82.4,0,0,0,0,0,0,0,0,0,35.6167,0,345
MEA1,36.0209607,24.42620087,0,0,0,0,33.43930131,0,0,6.113537118,0,45.8,0.033333333,271.7
MEA2,45.85,3.884444444,0,0,0,0,42.48777778,0,0,7.777777778,0,36,0.033333333,273
MEA3,46.64559585,3.622797927,0,0,0,0,35.2238342,0,0,14.50777202,0,38.6,0.066666667,267.4
MEA4,38.29361702,20.82723404,0,0,0,0,28.96425532,0,0,11.91489362,0,47,0.066666667,268.7
MEA5,47.3407767,3.394174757,0,0,0,0,28.87669903,0,0,20.38834951,0,41.2,0.1,264.3
MEA6,48.98367347,2.853877551,0,0,0,0,13.87673469,0,0,34.28571429,0,49,0.2,258.2
ETE1,26.68578691,6.072272824,0,0,0,33.43744969,7.390595213,0,0,0,26.41389536,75.536,0.3968,269.67
ETE2,26.37345588,12.16745098,0,0,0,33.50051471,14.80906863,0,0,0,13.1495098,65.28,0.3136,271.33
ETE3,29.93738825,12.15700105,0,0,0,16.73587151,14.79634996,0,0,0,26.37338923,64.876,0.2,269.67
ETE4,27.27069736,9.767682823,0,0,0,29.83300718,11.88829817,0,0,0,21.24031446,70.724,0.3258,270.22
ETE5,31.13101283,24.3374171,0,0,0,8.30989287,29.62119845,0,0,0,6.600478751,50.966,0.0666,275.22
ETE6,32.16272727,3.04,0,0,0,8.37,3.7,0,0,0,52.72727273,80.96,0.2352,267.44
ETE7,29.41893951,22.79884199,0,0,0,16.7195947,27.74859058,0,0,0,3.314033217,52.504,0.12,274.67
PP1,58.14489239,16.97484086,7.085177326,0,0,4.714762049,0,0,0,0,0,164.95,0.871571429,317
PP2,54.36322155,17.50164078,6.498171704,0,0,9.640341282,0,0,0,0,0,159.985,0.885757143,316
PP3,50.29329203,18.06859613,5.86642145,0,0,14.94137386,0,0,0,0,0,154.965,0.9001,315
PP4,45.97766294,18.6697783,5.196532755,0,0,20.56242707,0,0,0,0,0,149.975,0.914357143,315
PP5,41.47484493,19.29703653,4.49758787,0,0,26.42729152,0,0,0,0,0,145.1,0.928285714,314
PP6,36.42857143,20,3.714285714,0,0,33,0,0,0,0,0,140,0.942857143,313
PP7,31.11111111,20.74074074,2.888888889,0,0,39.92592593,0,0,0,0,0,135,0.957142857,313
PP8,25.37866841,21.53928997,1.999076888,0,0,47.39236124,0,0,0,0,0,129.995,0.971442857,313
PP9,19.18713497,22.40179214,1.03800304,0,0,55.45675654,0,0,0,0,0,124.99,0.985742857,313
TP1,59.99636342,15.2702588,7.089763016,0,0,4.554821504,0,0,0,0,0,164.99,0.938257143,319
TP2,58.12306635,13.99868746,6.499390606,0,0,9.379980624,0,0,0,0,0,159.995,1.019128571,318
TP3,56.11048369,12.63257075,5.865122132,0,0,14.56390565,0,0,0,0,0,154.955,1.100728571,318
TP4,53.98679736,11.19103821,5.195839168,0,0,20.0340068,0,0,0,0,0,149.97,1.181438095,318
TP5,51.77824484,9.691899528,4.499810495,0,0,25.72270268,0,0,0,0,0,145.115,1.260042857,318
TP6,49.28571429,8,3.714285714,0,0,32.14285714,0,0,0,0,0,140,1.342857143,318
TP7,46.66666667,6.222222222,2.888888889,0,0,38.88888889,0,0,0,0,0,135,1.423809524,319
TP8,43.84322474,4.305704066,1.999076888,0,0,46.16139082,0,0,0,0,0,129.995,1.504842857,319
TP9,40.79683187,2.237849514,1.03900156,0,0,54.00816033,0,0,0,0,0,124.995,1.585795238,320
PT1,60.13967409,15.36753635,7.134927593,0,0,4.18568794,0,0,0,0,0,165.385,0.931861905,319
PT2,58.10952738,13.98949737,6.495123781,0,0,9.414853713,0,0,0,0,0,159.96,1.019695238,319
PT3,56.12078978,12.6395664,5.868370112,0,0,14.53735966,0,0,0,0,0,154.98,1.10032381,319
PT4,53.99339934,11.19551955,5.197919792,0,0,20.0170017,0,0,0,0,0,149.985,1.181195238,319
PT5,51.7735433,9.688708177,4.498328796,0,0,25.73481272,0,0,0,0,0,145.105,1.260204762,319
PT6,49.28823971,8.001714224,3.715081604,0,0,32.13635227,0,0,0,0,0,140.005,1.34277619,320
PT7,46.65851761,6.216690743,2.886320702,0,0,38.90987888,0,0,0,0,0,134.985,1.424052381,320
PT8,43.84908273,4.309680397,2.000923041,0,0,46.14630207,0,0,0,0,0,130.005,1.504680952,321
PT9,40.82533589,2.257197697,1.047984645,0,0,53.93474088,0,0,0,0,0,125.04,1.585066667,322
B1,17.31950033,14.57346184,0,0,0,62.20574879,5.898721032,0,0,0,0,86.59107712,0.699504284,278.6
B2,37.37661655,0,4.474820637,0,0,0,5.851688525,0,0,0,52.29687429,80.26408693,0.236837681,274.7
B3,44.12506777,13.70817521,6.391842863,0,0,0,8.358563743,0,0,27.41635042,0,67.98856414,0.277857193,273.6
B4,35.03481127,0,12.04513089,0,0,37.16873283,15.75132501,0,0,0,0,70.96052235,0.561677549,277.4
B5,37.76268599,0,0,0,0,24.99324125,37.24407275,0,0,0,0,39.738837,0.128980617,276.3
B6,24.23928049,3.917316095,7.275015606,0,0,59.81164683,4.756740973,0,0,0,0,94.64833901,0.841099659,277.4
B7,32.76667946,3.875883998,7.198070281,0,0,51.45293569,4.706430568,0,0,0,0,104.8390175,0.825852627,299.7
B8,23.18580553,39.74547955,0,0,0,0,10.99302806,0,0,0,26.07090103,91.22167457,0.058577124,298
B9,17.58986157,18.43819745,0,0,0,56.5056894,7.463002563,0,0,0,0,85.26174276,0.625652376,285.2
B10,44.33818182,0,0,0,0,0,42.48,0,0,0,13.18181818,36.66666667,0.016666667,275.2
B11,26.28786845,0,6.390897926,0,26.18137867,0,8.357328057,0,0,10.47255147,22.30997544,79.98195755,0.342170793,272.4
B12,42.54947909,14.22189915,16.2368667,0,0,0,26.989249,0,0,0,0,62.98630511,0.262230831,291.3
B13,43.19802987,11.36322574,12.2298249,0,0,0,15.99500327,3.451314313,0,10.95218254,0,75.07020756,0.339220883,292.4
B14,39.60044211,15.2305904,8.115458716,0,0,0,10.61572248,7.418538437,0,12.98244227,0,91.89540109,0.399128342,306.9
B15,24.60594558,2.996218451,0,0,0,60.41296217,0,3.424249658,0,5.992436902,0,100.1443308,0.928558502,297.4
B16,44.79462786,13.20955635,14.86293579,0,0,0,7.541195501,0,0,19.5916845,0,87.46589626,0.356360603,294.7
B17,44.89731509,14.09344698,11.63399665,0,0,0,0,0.679055617,0,28.18689395,0,99.33694734,0.400914839,294.1
B18,29.69900756,17.34860054,5.003184736,0,0,22.08400782,0,2.625448906,0,13.72249814,9.517252286,106.273294,0.51114933,296.3
B19,34.2616085,21.84729971,6.03666209,0,0,13.18187787,0,1.409426444,0,18.15395452,5.109170859,109.903894,0.444775793,302.4
B20,45.37189392,12.95869702,8.809995171,0,0,0,0,3.966868477,0,25.91739405,0,108.0355531,0.471427138,304.7
B21,39.27851873,10.26697049,9.533615459,0,0,20.38695433,0,0,0,20.53394099,0,99.99174746,0.560023291,292.4
B22,29.31534235,10.37679708,5.810656633,0,0,37.43333094,0.708828086,1.353111161,0,12.51526044,2.486673312,98.26416966,0.658635787,293.6
B23,33.92299216,21.82850116,5.789546468,0,0,0,1.431017152,0.159973166,0,12.46979239,24.39762851,105.2425995,0.250722152,301.9
B24,33.5682742,9.753014588,6.678711207,0,0,0,0,0,0,0,50,116,0.256370769,300.2
B25,27.78769458,20.54342989,1.668875532,0,0,0,0,0,0,0,50,116,0.171221914,310.2
B26,29.07417831,18.14199359,2.7838281,0,0,0,0,0,0,0,50,116,0.190172023,305.2
B27,36.18919291,4.860633004,8.950174086,0,0,0,0,0,0,0,50,116,0.294977318,309.7
B28,41.65096803,17.3000523,20.02256665,0,0,0,21.01262362,0,0,0,0,80.89585633,0.286942087,304.1
B29,29.82972775,6.009607195,5.873544415,0,0,44.37528556,2.616722657,0,0,11.29511242,0,88.21498847,0.682490322,288.6
B30,36.32521463,4.8835015,7.371739375,0,0,35.77076044,7.037261326,1.72762972,0,5.48019386,0,92.56402864,0.653103945,294.7
B31,38.67302712,6.392258416,4.808018069,0,0,17.8136646,6.287408244,7.30543819,0,12.78451683,0,94.26655839,0.595407004,295.2
B32,30.28915147,5.908101172,7.822306882,0,0,43.50248533,3.055047686,0,0,9.422907463,0,92.49161476,0.707701602,289.1
B33,28.09581704,5.754057095,5.343053017,0,0,49.29895865,0,0,0,11.50811419,0,95.12783423,0.765412433,291.9
B34,48.44410646,0,10.79214195,0,0,0,40.76375158,0,0,0,0,41.69088507,0.115367679,280.8
B35,45.01617808,12.96872238,0,0,0,0,0,9.187231299,0,25.93744477,0,107.9520371,0.508276129,297.4
ETE10,32.76803699,26.97368487,0,0,0,0,32.82981382,0,0,0,7.428464326,48.6151205,0.012452955,280.95
ETE20,32.93139478,23.64277969,0,0,0,0,28.7757516,0,0,0,14.65007393,51.45913163,0.025995865,279.95
ETE30,33.09026613,20.40335399,0,0,0,0,24.83302953,0,0,0,21.67335035,54.56345946,0.040778378,276.95
ETE40,33.24483337,17.25169024,0,0,0,0,20.99712299,0,0,0,28.50635339,57.96555891,0.056978852,274.95
ETE50,33.39526907,14.18426966,0,0,0,0,17.26374926,0,0,0,35.156712,61.71043237,0.074811583,272.95
ETE60,33.54173669,11.1977591,0,0,0,0,13.62885154,0,0,0,41.63165266,65.85263158,0.094536341,271.95
ETE70,33.6843912,8.288998963,0,0,0,0,10.08858426,0,0,0,47.93802557,70.45893251,0.116471107,271.95
ETE80,33.82337958,5.45499204,0,0,0,0,6.639299522,0,0,0,54.08232886,75.61196262,0.141009346,271.45
ETE90,33.95884136,2.69289323,0,0,0,0,3.277534523,0,0,0,60.07073089,81.41520119,0.168643815,268.95
MEM02,46.27546784,0,0,0,0,0,51.85467539,0,0,0,1.869856772,32.43169324,0.002569603,280.75
MEM10,43.820731,0,0,0,0,0,46.95990074,0,0,0,9.219368252,34.24765295,0.013378887,277.45
MEM20,40.84660778,0,0,0,0,0,41.02946341,0,0,0,18.12392881,36.74013078,0.028215064,271.95
MEM30,37.97233521,0,0,0,0,0,35.2981295,0,0,0,26.72953529,39.51973874,0.04476035,268.95
MEM40,35.19296787,0,0,0,0,0,29.75603774,0,0,0,35.05099439,42.63912482,0.063328124,265.95
MEM50,32.50388161,0,0,0,0,0,24.39396752,0,0,0,43.10215087,46.16464628,0.084313371,264.95
MEM60,29.90074787,0,0,0,0,0,19.20328767,0,0,0,50.89596446,50.18114259,0.108221087,263.95
MEM70,27.37951048,0,0,0,0,0,14.17591011,0,0,0,58.44457941,54.79885177,0.135707451,262.95
MEM80,24.93636451,0,0,0,0,0,9.304247788,0,0,0,65.75938771,60.16368378,0.167640975,261.65
MEM90,22.56773715,0,0,0,0,0,4.581176471,0,0,0,72.85108638,66.47291942,0.205195949,260.75
ETT10,17.79677559,2.791532389,0,0,0,76.01410326,3.397588763,0,0,0,0,84.26245487,0.831792497,275.85
ETT20,19.32098602,5.634231593,0,0,0,68.18732946,6.857452926,0,0,0,0,77.61508644,0.687284488,275.85
ETT30,20.87339255,8.529517402,0,0,0,60.21576952,10.38132052,0,0,0,0,71.84265788,0.56179691,276.85
ETT40,22.45478489,11.47886262,0,0,0,52.09536837,13.97098411,0,0,0,0,66.78309354,0.451806381,276.85
ETT50,24.0659825,14.48379558,0,0,0,43.82191808,17.62830384,0,0,0,0,62.31202071,0.354609146,276.85
ETT60,25.70783602,17.54590277,0,0,0,35.39105061,21.3552106,0,0,0,0,58.33240879,0.268095843,276.85
ETT70,27.38122879,20.66683161,0,0,0,26.79823008,25.15370952,0,0,0,0,54.76744713,0.190596677,277.85
ETT80,29.0870784,23.84829345,0,0,0,18.03874468,29.02588348,0,0,0,0,51.55553884,0.120772583,279.85
ETT90,30.82633838,27.09206667,0,0,0,9.107698013,32.97389694,0,0,0,0,48.64671183,0.057537214,281.95
ETT94,31.53161801,28.40743482,0,0,0,5.48610874,34.57483843,0,0,0,0,47.55861242,0.033882879,280.95
ETT98,32.24246665,29.73318933,0,0,0,1.835922787,36.18842123,0,0,0,0,46.5100892,0.011088896,283.95
IST10,19.38387092,0,1.98270633,0,0,76.04065293,2.592769816,0,0,0,0,87.71887346,0.910809864,277.75
IST20,22.52648162,0,4.003178096,0,0,68.23541508,5.234925202,0,0,0,0,83.74753708,0.828073689,276.75
IST30,25.7295265,0,6.062504672,0,0,60.2800781,7.927890725,0,0,0,0,80.05353951,0.751115406,277.75
IST40,28.99476575,0,8.161817742,0,0,52.17027023,10.67314628,0,0,0,0,76.60880896,0.679350187,276.75
IST50,32.3240286,0,10.30229336,0,0,43.90144825,13.47222978,0,0,0,0,73.38893849,0.612269552,277.75
IST60,35.71921673,0,12.48515418,0,0,35.46888902,16.32674008,0,0,0,0,70.37260686,0.54942931,277.75
IST70,39.18230786,0,14.71167172,0,0,26.86768048,19.23833994,0,0,0,0,67.54110581,0.490439704,277.75
IST80,42.71535965,0,16.98316891,0,0,18.0927121,22.20875935,0,0,0,0,64.8779517,0.434957327,279.75
IST90,46.32051371,0,19.30102266,0,0,9.138664758,25.23979887,0,0,0,0,62.36856434,0.382678424,281.75
BU2B10,41.55392817,19.39183314,1.758720589,0,0,0,2.299865385,0,0,34.99565271,0,72.19534066,0.25,268.55
BU2B20,41.44121767,19.33923491,3.517004337,0,0,0,4.599159517,0,0,31.10338356,0,72.39169524,0.25,269.55
BU2B30,41.32853517,19.28664974,5.274851407,0,0,0,6.897882609,0,0,27.21208107,0,72.58907164,0.25,270.55
BU2B40,41.21588064,19.23407763,7.032261961,0,0,0,9.196034873,0,0,23.32174489,0,72.78747786,0.25,271.55
BU2B50,41.10325409,19.18151858,8.789236164,0,0,0,11.49361652,0,0,19.43237465,0,72.98692199,0.25,272.55
BU2B60,40.9906555,19.12897257,10.54577418,0,0,0,13.79062777,0,0,15.54396999,0,73.18741219,0.25,274.55
BU2B70,40.87808486,19.0764396,12.30187616,0,0,0,16.08706882,0,0,11.65653055,0,73.3889567,0.25,276.55
BU2B80,40.76554216,19.02391968,14.05754228,0,0,0,18.3829399,0,0,7.770055983,0,73.59156388,0.25,280.55
BU2B90,40.65302739,18.97141278,15.81277269,0,0,0,20.67824121,0,0,3.884545918,0,73.79524214,0.25,285.55
HEB10,26.19033907,27.77625801,0,0,0,0,0,0,0,0,46.03340292,114.5460543,0.129875484,288.75
HEB20,26.53404067,31.58561745,0,0,0,0,0,0,0,0,41.88034188,113.0623126,0.116627791,282.75
HEB30,26.89428809,35.57835962,0,0,0,0,0,0,0,0,37.5273523,111.5478495,0.103105799,278.75
HEB40,27.27230555,39.76805319,0,0,0,0,0,0,0,0,32.95964126,110.001701,0.089300902,276.75
HEB50,27.66944114,44.16963932,0,0,0,0,0,0,0,0,28.16091954,108.4228621,0.075204125,274.75
HEB60,28.08718282,48.79960963,0,0,0,0,0,0,0,0,23.11320755,106.8102849,0.060806115,273.75
HEB70,28.52717709,53.67621274,0,0,0,0,0,0,0,0,17.79661017,105.1628765,0.046097111,271.75
HEB80,28.99125064,58.81969463,0,0,0,0,0,0,0,0,12.18905473,103.4794958,0.031066927,270.75
HEB90,29.48143575,64.25257959,0,0,0,0,0,0,0,0,6.265984655,101.7589518,0.015704927,269.75
BUT02,16.7717121,0.361583955,0,0,0,82.14353604,0,0,0,0.72316791,0,91.52721752,0.982270657,280.75
BUT04,17.24477798,0.724205633,0,0,0,80.58260512,0,0,0,1.448411266,0,91.05793331,0.964672499,279.75
BUT06,17.71920348,1.087869508,0,0,0,79.017188,0,0,0,2.175739016,0,90.59210868,0.947204075,278.75
BUT10,18.67215685,1.818341871,0,0,0,75.87281753,0,0,0,3.636683742,0,89.67068624,0.912650734,277.75
BUT20,21.07874871,3.663079384,0,0,0,67.93201314,0,0,0,7.326158768,0,87.42507174,0.82844019,275.75
BUT30,23.52053084,5.534791493,0,0,0,59.87509468,0,0,0,11.06958299,0,85.25872479,0.74720218,275.65
BUT40,25.99828081,7.434074208,0,0,0,51.69949657,0,0,0,14.86814842,0,83.16752109,0.668782041,275.65
BUT50,28.51279921,9.361541227,0,0,0,43.40257711,0,0,0,18.72308245,0,81.1476176,0.59303566,272.65
BUT60,31.06491061,11.3178246,0,0,0,34.98161559,0,0,0,22.6356492,0,79.19542894,0.519828585,270.65
BUT70,33.65546439,13.30357542,0,0,0,26.43380937,0,0,0,26.60715083,0,77.30760616,0.449035231,269.65
BUT80,36.28533572,15.31946453,0,0,0,17.75627069,0,0,0,30.63892906,0,75.48101756,0.380538158,269.65
BUT90,38.95542657,17.36618331,0,0,0,8.946023498,0,0,0,34.73236662,0,73.71273136,0.314227426,267.65
OCH02,29.92404916,70.07595084,0,0,0,0,0,0,0,0,0,100.2527262,0,269.75
OCH10,29.6210613,70.3789387,0,0,0,0,0,0,0,0,0,101.2737593,0,270.75
OCH20,29.24415151,70.75584849,0,0,0,0,0,0,0,0,0,102.5733007,0,272.75
OCH30,28.8692544,71.1307456,0,0,0,0,0,0,0,0,0,103.8994151,0,272.75
OCH40,28.49635387,71.50364613,0,0,0,0,0,0,0,0,0,105.2529259,0,274.75
OCH50,28.12543403,71.87456597,0,0,0,0,0,0,0,0,0,106.634691,0,275.75
OCH60,27.75647914,72.24352086,0,0,0,0,0,0,0,0,0,108.0456044,0,277.75
OCH70,27.38947362,72.61052638,0,0,0,0,0,0,0,0,0,109.4865983,0,280.75
OCH80,27.02440206,72.97559794,0,0,0,0,0,0,0,0,0,110.9586449,0,282.75
OCH90,26.66124921,73.33875079,0,0,0,0,0,0,0,0,0,112.462759,0,284.75
OCH96,26.44427221,73.55572779,0,0,0,0,0,0,0,0,0,113.3810586,0,286.75
OCH98,26.37209827,73.62790173,0,0,0,0,0,0,0,0,0,113.6898492,0,287.75
OCP02,17.20561074,63.8105217,0,0,0,0,18.98386756,0,0,0,0,88.34870432,0,317.95
OCP10,17.85513981,64.51683671,0,0,0,0,17.62802348,0,0,0,0,89.79170227,0,303.95
OCP20,18.6876506,65.42213086,0,0,0,0,15.89021855,0,0,0,0,91.71161346,0,296.95
OCP30,19.5439659,66.35331066,0,0,0,0,14.10272343,0,0,0,0,93.77400558,0,293.95
OCP40,20.42512153,67.31150249,0,0,0,0,12.26337598,0,0,0,0,95.99535059,0,291.95
OCP50,21.33221424,68.29789899,0,0,0,0,10.36988677,0,0,0,0,98.39476126,0,290.95
OCP60,22.26640635,69.31376408,0,0,0,0,8.419829569,0,0,0,0,100.9945425,0,289.95
OCP70,23.22893066,70.36043836,0,0,0,0,6.41063098,0,0,0,0,103.8208869,0,288.95
OCP80,24.22109591,71.43934497,0,0,0,0,4.339559117,0,0,0,0,106.9047602,0,288.95
OCP90,25.2442927,72.55199609,0,0,0,0,2.203711204,0,0,0,0,110.2830404,0,287.95
HEM02,46.60729262,1.212397448,0,0,0,0,52.18030994,0,0,0,0,32.38137407,0,282.85
HEM10,45.4202765,6.129032258,0,0,0,0,48.45069124,0,0,0,0,34.02587221,0,269.75
HEM20,43.89906542,12.42990654,0,0,0,0,43.67102804,0,0,0,0,36.39455782,0,264.75
HEM30,42.33459716,18.90995261,0,0,0,0,38.75545024,0,0,0,0,39.20111472,0,265.75
HEM40,40.725,25.57692308,0,0,0,0,33.69807692,0,0,0,0,42.57932446,0,264.75
HEM50,39.06829268,32.43902439,0,0,0,0,28.49268293,0,0,0,0,46.72364672,0,264.75
HEM60,37.36237624,39.5049505,0,0,0,0,23.13267327,0,0,0,0,51.92802057,0,264.75
HEM70,35.60502513,46.7839196,0,0,0,0,17.61105528,0,0,0,0,58.65880619,0,264.85
HEM80,33.79387755,54.28571429,0,0,0,0,11.92040816,0,0,0,0,67.7029361,0,264.85
HEM90,31.92642487,62.02072539,0,0,0,0,6.052849741,0,0,0,0,80.50052138,0,264.85
HEM98,30.39013641,68.38405037,0,0,0,0,1.225813221,0,0,0,0,95.32383096,0,264.85
ETO02,26.44118463,72.72963579,0,0,0,0,0.829179577,0,0,0,0,110.3444849,0,284.05
ETO10,26.99904608,68.89544517,0,0,0,0,4.105508748,0,0,0,0,97.93584094,0,282.05
ETO20,27.68127181,64.2064969,0,0,0,0,8.112231287,0,0,0,0,86.0956995,0,280.05
ETO30,28.34727707,59.62903223,0,0,0,0,12.0236907,0,0,0,0,77.00712629,0,280.05
ETO40,28.99763353,55.15912195,0,0,0,0,15.84324452,0,0,0,0,69.81080264,0,279.05
ETO50,29.63288633,50.79301936,0,0,0,0,19.57409431,0,0,0,0,63.97149444,0,279.05
ETO60,30.25355558,46.52714976,0,0,0,0,23.21929466,0,0,0,0,59.13843401,0,279.05
ETO70,30.86013777,42.35810074,0,0,0,0,26.78176149,0,0,0,0,55.07215455,0,279.05
ETO80,31.45310711,38.28261305,0,0,0,0,30.26427985,0,0,0,0,51.60358909,0,281.05
ETO90,32.03291676,34.29757209,0,0,0,0,33.66951115,0,0,0,0,48.60997101,0,279.05
ETO98,32.48758131,31.17265544,0,0,0,0,36.33976325,0,0,0,0,46.49488836,0,281.05
TOB02,20.18539365,55.54340827,0,0,0,1.789342341,22.48185573,0,0,0,0,74.31081695,0.017267608,307.05
TOB06,20.01635452,53.12691963,0,0,0,5.352972664,21.50375318,0,0,0,0,74.93767964,0.052093313,301.05
TOB10,19.84826086,50.72394692,0,0,0,8.896670847,20.53112137,0,0,0,0,75.57161234,0.087311797,297.05
TOB20,19.43211145,44.77490836,0,0,0,17.669803,18.12317719,0,0,0,0,77.18817154,0.177120641,291.05
TOB30,19.02170082,38.90790825,0,0,0,26.32195188,15.74843905,0,0,0,0,78.85163373,0.269535207,287.05
TOB40,18.61691108,33.1212612,0,0,0,34.85560295,13.40622477,0,0,0,0,80.56407023,0.364670568,284.95
TOB50,18.21762754,27.41332771,0,0,0,43.273174,11.09587074,0,0,0,0,82.32767615,0.462648675,283.95
TOB60,17.82373862,21.78251256,0,0,0,51.57701755,8.816731275,0,0,0,0,84.14477976,0.563598876,282.95
TOB70,17.43513571,16.22726335,0,0,0,59.76942292,6.568178022,0,0,0,0,86.01785279,0.667658488,282.95
TOB80,17.05171312,10.74606906,0,0,0,67.85261844,4.349599382,0,0,0,0,87.94952157,0.774973421,281.95
TOB90,16.67336794,5.337458709,0,0,0,75.82877339,2.160399954,0,0,0,0,89.94257941,0.885698856,281.95
HEP02,25.08543379,47.06535768,0,0,0,0,27.84920853,0,0,0,0,60.41290426,0,295.95
HEP04,25.17137703,47.46642614,0,0,0,0,27.36219683,0,0,0,0,60.83404463,0,289.95
HEP06,25.25783429,47.86989336,0,0,0,0,26.87227234,0,0,0,0,61.26367,0,285.95
HEP10,25.43230944,48.68411073,0,0,0,0,25.88357983,0,0,0,0,62.14942258,0,281.85
HEP20,25.87782341,50.76317591,0,0,0,0,23.35900068,0,0,0,0,64.53180212,0,274.85
HEP30,26.33715626,52.90672922,0,0,0,0,20.75611451,0,0,0,0,67.18718076,0,272.85
HEP40,26.81096108,55.11781837,0,0,0,0,18.07122055,0,0,0,0,70.16533531,0,270.85
HEP50,27.29993275,57.39968617,0,0,0,0,15.30038108,0,0,0,0,73.52892698,0,269.95
HEP60,27.80481137,59.7557864,0,0,0,0,12.43940222,0,0,0,0,77.35795855,0,269.95
HEP70,28.32638599,62.18980131,0,0,0,0,9.4838127,0,0,0,0,81.75621947,0,269.95
HEP80,28.86549873,64.70566073,0,0,0,0,6.428840539,0,0,0,0,86.86083613,0,269.95
HEP90,29.42304929,67.30756335,0,0,0,0,3.269387364,0,0,0,0,92.85682516,0,268.95
BUM10,46.36894828,1.97312212,0,0,0,0,47.71168536,0,0,3.94624424,0,33.91177344,0.011948584,281.15
BUM20,45.8396342,3.939788014,0,0,0,0,42.34100176,0,0,7.879576027,0,36.05899408,0.025368713,279.15
BUM30,45.31204925,5.900029317,0,0,0,0,36.9878628,0,0,11.80005863,0,38.48801128,0.040550071,277.15
BUM40,44.78618498,7.85387746,0,0,0,0,31.65218264,0,0,15.70775492,0,41.25819436,0.057863715,275.15
BUM50,44.26203298,9.801363668,0,0,0,0,26.33387602,0,0,19.60272734,0,44.44684963,0.07779281,273.15
BUM60,43.7395849,11.74251896,0,0,0,0,21.03285821,0,0,23.48503793,0,48.15654792,0.100978424,273.15
BUM70,43.21883244,13.67737417,0,0,0,0,15.74904506,0,0,27.35474833,0,52.52636372,0.128289773,272.15
BUM80,42.69976736,15.6059599,0,0,0,0,10.48235294,0,0,31.2119198,0,57.74970012,0.160935626,271.15
BUM90,42.18238149,17.52830658,0,0,0,0,5.232698768,0,0,35.05661316,0,64.10368893,0.200648056,271.15
MEI10,49.68787185,0,19.48512586,0,0,0,30.82700229,0,0,0,0,55.14195584,0.275499474,288.15
MEI20,49.37621951,0,17.30691057,0,0,0,33.31686992,0,0,0,0,51.01749838,0.22639879,288.15
MEI30,49.06504189,0,15.1320132,0,0,0,35.80294491,0,0,0,0,47.47213016,0.184192026,287.25
MEI40,48.7543379,0,12.96042618,0,0,0,38.28523592,0,0,0,0,44.39189189,0.147522523,287.25
MEI50,48.44410646,0,10.79214195,0,0,0,40.76375158,0,0,0,0,41.69088507,0.115367679,286.15
MEI60,48.1343465,0,8.627152989,0,0,0,43.23850051,0,0,0,0,39.30313589,0.086942094,285.15
MEI70,47.82505695,0,6.465451784,0,0,0,45.70949127,0,0,0,0,37.17713479,0.061632557,285.25
MEI80,47.51623672,0,4.307030855,0,0,0,48.17673242,0,0,0,0,35.2720785,0.038953315,285.25
MEI90,47.20788476,0,2.151882739,0,0,0,50.6402325,0,0,0,0,33.55522578,0.018514593,284.25
BUI10,49.14858062,1.986645231,19.45297627,0,0,0,25.43850742,0,0,3.973290463,0,61.03940261,0.32611526,283.45
BUI20,48.3012577,3.963732028,17.24993669,0,0,0,22.55760952,0,0,7.927464056,0,62.11018393,0.318679278,280.45
BUI30,47.45800177,5.931329207,15.05747126,0,0,0,19.69053935,0,0,11.86265841,0,63.21378668,0.31101537,277.45
BUI40,46.6187836,7.889504928,12.87550403,0,0,0,16.83719758,0,0,15.77900986,0,64.3517434,0.303112893,275.35
BUI50,45.78357427,9.838326699,10.70395977,0,0,0,13.99748586,0,0,19.6766534,0,65.52568356,0.294960531,274.35
BUI60,44.95234512,11.77786138,8.542763983,0,0,0,11.17130675,0,0,23.55572277,0,66.73734133,0.286546241,272.45
BUI70,44.12506777,13.70817521,6.391842863,0,0,0,8.358563743,0,0,27.41635042,0,67.98856414,0.277857193,272.95
BUI80,43.3017141,15.62933378,4.251123315,0,0,0,5.559161258,0,0,31.25866755,0,69.28132206,0.268879708,271.35
BUI90,42.48225626,17.54140207,2.120532935,0,0,0,2.773004607,0,0,35.08280413,0,70.61771818,0.259599179,271.35
MEE10,34.03489168,27.34960091,0,0,0,0,38.61550741,0,0,0,0,44.06553796,0,286.25
MEE20,35.46869301,24.30151976,0,0,0,0,40.22978723,0,0,0,0,42.28850856,0,288.25
MEE30,36.90140524,21.25575389,0,0,0,0,41.84284087,0,0,0,0,40.65044471,0,288.35
MEE40,38.33302961,18.21230068,0,0,0,0,43.4546697,0,0,0,0,39.13565891,0,286.35
MEE50,39.76356736,15.1711575,0,0,0,0,45.06527514,0,0,0,0,37.7307393,0,286.35
MEE60,41.19301973,12.1323217,0,0,0,0,46.67465857,0,0,0,0,36.4241514,0,286.35
MEE70,42.62138794,9.095790671,0,0,0,0,48.28282139,0,0,0,0,35.20592077,0,286.35
MEE80,44.04867324,6.061561789,0,0,0,0,49.88976497,0,0,0,0,34.06737788,0,286.35
MEE90,45.47487685,3.029632437,0,0,0,0,51.49549072,0,0,0,0,33.00095147,0,286.35
MEE92,45.75998788,2.423522279,0,0,0,0,51.81648985,0,0,0,0,32.795721,0,285.35
MEE94,46.04505569,1.817503978,0,0,0,0,52.13744033,0,0,0,0,32.5930579,0,285.35
MEE96,46.33008032,1.211577512,0,0,0,0,52.45834217,0,0,0,0,32.39291431,0,286.35
MEE98,46.61506175,0.605742859,0,0,0,0,52.77919539,0,0,0,0,32.19524352,0,285.35
MEP10,19.95809313,57.42793792,0,0,0,0,22.61396896,0,0,0,0,75.16666667,0,304.85
MEP20,22.88656126,51.18577075,0,0,0,0,25.92766798,0,0,0,0,65.55465587,0,295.85
MEP30,25.83098836,44.90958633,0,0,0,0,29.25942532,0,0,0,0,58.08633094,0,290.85
MEP40,28.79150522,38.59910581,0,0,0,0,32.60938897,0,0,0,0,52.11650485,0,286.85
MEP50,31.76824408,32.25404732,0,0,0,0,35.97770859,0,0,0,0,47.23529412,0,286.65
MEP60,34.76133866,25.87412587,0,0,0,0,39.36453546,0,0,0,0,43.16981132,0,285.65
MEP70,37.77092412,19.45905334,0,0,0,0,42.77002254,0,0,0,0,39.73134328,0,283.65
MEP80,40.79713712,13.00853842,0,0,0,0,46.19432446,0,0,0,0,36.7852194,0,283.65
MEP90,43.84011584,6.522286578,0,0,0,0,49.63759758,0,0,0,0,34.23275862,0,282.65
MEP92,44.45073574,5.220721629,0,0,0,0,50.32854263,0,0,0,0,33.76265419,0,282.65
MEP94,45.06203298,3.917712903,0,0,0,0,51.02025412,0,0,0,0,33.30478589,0,282.65
MEP96,45.67400868,2.613257996,0,0,0,0,51.71273333,0,0,0,0,32.85868214,0,281.75
MEP98,46.28666397,1.3073545,0,0,0,0,52.40598153,0,0,0,0,32.42389525,0,282.75
TOP02,17.02959483,62.2824855,0,0,0,1.780736573,18.9071831,0,0,0,0,88.08147624,0.02036906,316.95
TOP06,16.9979989,59.58527221,0,0,0,5.328342677,18.08838621,0,0,0,0,88.24424475,0.061061188,307.95
TOP10,16.96656658,56.90202526,0,0,0,8.857579064,17.2738291,0,0,0,0,88.40676845,0.101692112,302.95
TOP20,16.88869327,50.25430327,0,0,0,17.60123283,15.25577063,0,0,0,0,88.81201022,0.203002554,293.95
TOP30,16.81181515,43.69153726,0,0,0,26.2331452,13.26350238,0,0,0,0,89.21573388,0.303933471,288.95
TOP40,16.73591328,37.21210902,0,0,0,34.75544461,11.2965331,0,0,0,0,89.61794796,0.404486991,286.95
TOP50,16.66096917,30.81444115,0,0,0,43.17020577,9.354383919,0,0,0,0,90.01866091,0.504665227,284.95
TOP60,16.58696481,24.49699581,0,0,0,51.47945137,7.436588013,0,0,0,0,90.4178811,0.604470276,283.95
TOP70,16.51388263,18.2582735,0,0,0,59.6851537,5.54269017,0,0,0,0,90.81561688,0.703904219,283.95
TOP80,16.44170551,12.09681186,0,0,0,67.78923617,3.672246457,0,0,0,0,91.21187649,0.802969123,282.95
TOP90,16.37041673,6.011184517,0,0,0,75.79357488,1.824823871,0,0,0,0,91.60666815,0.901667038,282.95
BUB10,22.39801568,53.04626739,0,0,0,0,20.68844632,0,0,3.867270606,0,73.79615023,0.025481222,293.15
BUB20,24.52839118,49.33119151,0,0,0,0,18.40109578,0,0,7.739321522,0,73.59317057,0.050853679,281.15
BUB30,26.66140166,45.61152061,0,0,0,0,16.11091611,0,0,11.61616162,0,73.39105546,0.076118068,276.15
BUB40,28.797052,41.88724616,0,0,0,0,13.81790206,0,0,15.49779978,0,73.18979939,0.101275077,275.15
BUB50,30.93534711,38.1583596,0,0,0,0,11.52204836,0,0,19.38424493,0,72.9893969,0.126325388,273.25
BUB60,33.07629191,34.42485236,0,0,0,0,9.223349744,0,0,23.27550599,0,72.78984256,0.15126968,272.25
BUB70,35.21989131,30.68671585,0,0,0,0,6.921800908,0,0,27.17159193,0,72.59113101,0.176108624,274.25
BUB80,37.36615027,26.94394146,0,0,0,0,4.617396553,0,0,31.07251172,0,72.39325691,0.200842886,273.25
BUB90,39.51507373,23.19652054,0,0,0,0,2.31013136,0,0,34.97827436,0,72.19621499,0.225473126,272.15
ETP02,17.42240365,62.22908699,0,0,0,0,18.89097284,0,0,0,1.45753653,88,0.004422869,316.35
ETP10,18.91407389,56.66018474,0,0,0,0,17.20041322,0,0,0,7.225328148,88,0.021925134,296.35
ETP20,20.74314574,49.83164983,0,0,0,0,15.12746513,0,0,0,14.2977393,88,0.043386243,282.35
ETP30,22.53391242,43.14612089,0,0,0,0,13.09792956,0,0,0,21.22203713,88,0.064397906,278.35
ETP40,24.28756477,36.59915214,0,0,0,0,11.1104569,0,0,0,28.00282619,88,0.084974093,278.35
ETP50,26.00524476,30.18648019,0,0,0,0,9.163752914,0,0,0,34.64452214,88,0.105128205,278.35
ETP60,27.68804799,23.90401477,0,0,0,0,7.256575911,0,0,0,41.15136133,88,0.124873096,276.35
ETP70,29.33702604,17.74783006,0,0,0,0,5.387734125,0,0,0,47.52740978,88,0.144221106,276.45
ETP80,30.9531886,11.71415649,0,0,0,0,3.55608322,0,0,0,53.77657169,88,0.16318408,273.65
ETP90,32.5375056,5.799373041,0,0,0,0,1.760523959,0,0,0,59.9025974,88,0.181773399,273.65
OCB02,20.37512518,57.05139388,0,0,0,0,22.57348094,0,0,0,0,74.45429275,0,306.85
OCB04,20.48054017,57.3476048,0,0,0,0,22.17185504,0,0,0,0,74.91666966,0,301.85
OCB10,20.80019084,58.24580743,0,0,0,0,20.95400173,0,0,0,0,76.35452245,0,296.75
OCB20,21.34457316,59.77549491,0,0,0,0,18.87993193,0,0,0,0,78.93459389,0,291.75
OCB30,21.90401742,61.34750571,0,0,0,0,16.74847687,0,0,0,0,81.77425406,0,286.75
OCB40,22.4791575,62.96362096,0,0,0,0,14.55722154,0,0,0,0,84.9147552,0,287.75
OCB50,23.07066332,64.62572317,0,0,0,0,12.30361351,0,0,0,0,88.40657923,0,287.75
OCB60,23.67924352,66.33580352,0,0,0,0,9.984952959,0,0,0,0,92.31217191,0,286.85
OCB70,24.30564822,68.09596984,0,0,0,0,7.59838194,0,0,0,0,96.70971022,0,286.85
OCB80,24.95067214,69.90845525,0,0,0,0,5.140872603,0,0,0,0,101.6983891,0,286.85
OCB90,25.61515797,71.77562765,0,0,0,0,2.609214381,0,0,0,0,107.4059938,0,286.85
